Link Name,Center of Mass X,Center of Mass Y,Center of Mass Z,Center of Mass Roll,Center of Mass Pitch,Center of Mass Yaw,Mass,Moment Ixx,Moment Ixy,Moment Ixz,Moment Iyy,Moment Iyz,Moment Izz,Visual X,Visual Y,Visual Z,Visual Roll,Visual Pitch,Visual Yaw,Mesh Filename,Color Red,Color Green,Color Blue,Color Alpha,Collision X,Collision Y,Collision Z,Collision Roll,Collision Pitch,Collision Yaw,Collision Mesh Filename,Material Name,SW Components,Coordinate System,Axis Name,Joint Name,Joint Type,Joint Origin X,Joint Origin Y,Joint Origin Z,Joint Origin Roll,Joint Origin Pitch,Joint Origin Yaw,Parent,Joint Axis X,Joint Axis Y,Joint Axis Z,Limit Effort,Limit Velocity,Limit Lower,Limit Upper,Calibration rising,Calibration falling,Dynamics Damping,Dynamics Friction,Safety Soft Upper,Safety Soft Lower,Safety K Position,Safety K Velocity
base_link,"-0,00463657197333743","-0,0535003767890727","1,12265129345619",0,0,0,"1,30360101580612","0,00281045061573916","-0,000173244988387081","0,000152339452313174","0,00413386101144482","4,97906279103626E-05","0,00359317152815648",0,0,0,0,0,0,package://EnsamblajeURDFPRIMO/meshes/base_link.STL,"0,792156862745098","0,819607843137255","0,933333333333333",1,0,0,0,0,0,0,package://EnsamblajeURDFPRIMO/meshes/base_link.STL,,ENSAMBLAJEBRAZOFINALSLDASM-1/BASE-1;ENSAMBLAJEBRAZOFINALSLDASM-1/BRAZO1-1;ENSAMBLAJEBRAZOFINALSLDASM-1/Brazo2-2;ENSAMBLAJEBRAZOFINALSLDASM-1/Brazo33-1,Origin_global,,,,0,0,0,0,0,0,,0,0,0,,,,,,,,,,,,
Eje_Principal_link,"-7,96081809362192E-08","0,0827613274366685","0,014177932892296",0,0,0,"0,406547632545889","0,00102020987879379","7,05360308620492E-10","1,58718418297882E-09","0,000414220910322189","-0,000205175143679086","0,000772370250110572",0,0,0,0,0,0,package://EnsamblajeURDFPRIMO/meshes/Eje_Principal_link.STL,"0,792156862745098","0,819607843137255","0,933333333333333",1,0,0,0,0,0,0,package://EnsamblajeURDFPRIMO/meshes/Eje_Principal_link.STL,,ENSAMBLAJEBRAZOFINALSLDASM-1/BRAZO1-1,Origin_Eje_Principal_joint,,Eje_Principal_joint,continuous,"0,039121","-1,1227","-0,078858","1,5708",0,"-1,3658",base_link,0,0,0,,,,,,,,,,,,
Eje_largo_link,"0,088429","0,019994","0,020191",0,0,0,"0,2582","6,8654E-05","9,7049E-08","3,4742E-06","0,00081643","3,5684E-09","0,00082041",0,0,0,0,0,0,package://EnsamblajeURDFPRIMO/meshes/Eje_largo_link.STL,"0,79216","0,81961","0,93333",1,0,0,0,0,0,0,package://EnsamblajeURDFPRIMO/meshes/Eje_largo_link.STL,,ENSAMBLAJEBRAZOFINALSLDASM-1/Brazo2-2,Origin_Eje_largo_link,,Eje_largo_link,continuous,"0,0032168","-1,1097","0,041403","1,5708","0,66094","-2,9366",base_link,0,0,0,,,,,,,,,,,,
Eje_final_link,"-0,0133680800677922","0,00465875090965151","0,0195317020666297",0,0,0,"0,104891483187442","2,3891820659192E-05","1,3025475218467E-08","-1,16357056851567E-06","7,02602178644742E-05","2,12162625792475E-10","7,40936373845695E-05",0,0,0,0,0,0,package://EnsamblajeURDFPRIMO/meshes/Eje_final_link.STL,"0,792156862745098","0,819607843137255","0,933333333333333",1,0,0,0,0,0,0,package://EnsamblajeURDFPRIMO/meshes/Eje_final_link.STL,,ENSAMBLAJEBRAZOFINALSLDASM-1/Brazo33-1,Origin_Eje_final_joint,,Eje_final_joint,continuous,"-0,15967","-1,1844","-0,068473","1,5708","0,52258","-2,9366",base_link,0,0,0,,,,,,,,,,,,
Gripper_Link,"-0,0226784991553353","0,00692204273672276","-0,0355931412899155",0,0,0,"0,0157913527240515","4,66774838436116E-06","-4,97878301855351E-07","-3,95381512796538E-08","6,56396650195895E-06","7,9338885325547E-08","3,35343160703395E-06",0,0,0,0,0,0,package://EnsamblajeURDFPRIMO/meshes/Gripper_Link.STL,"0,698039215686274","0,698039215686274","0,698039215686274",1,0,0,0,0,0,0,package://EnsamblajeURDFPRIMO/meshes/Gripper_Link.STL,,Assembly 2.0 upload.stp-1/base 2.0 upload.stp-1,Origin_Gripper_Joint,,Gripper_Joint,fixed,"0,025941","0,0040618","-0,015211","-3,1416",0,"-3,1416",Eje_final_link,0,0,0,,,,,,,,,,,,
Engraderecho_Link,"-0,0034847","0,0015628","0,00031861",0,0,0,"0,0022074","1,1161E-07","3,9779E-10","2,5764E-09","4,2751E-07","4,4141E-11","3,1919E-07",0,0,0,0,0,0,package://EnsamblajeURDFPRIMO/meshes/Engraderecho_Link.STL,"0,019608","0,019608","0,019608",1,0,0,0,0,0,0,package://EnsamblajeURDFPRIMO/meshes/Engraderecho_Link.STL,,Assembly 2.0 upload.stp-1/gear 2.1.stp-1,Origin_Engraderecho_joint,,Engraderecho_joint,fixed,"0,052941","0,010062","0,0047892",0,"-1,3128","-3,1416",Eje_final_link,0,0,0,,,,,,,,,,,,
Engraizquierdo_Link,"-0,00381218780883807","0,00149999999999995","0,00026023766954264",0,0,0,"0,00233493264577781","1,14247386816342E-07","7,51907176810702E-22","2,80835484927694E-09","4,3789351476009E-07","4,51640614453953E-22","3,27148526912415E-07",0,0,0,0,0,0,package://EnsamblajeURDFPRIMO/meshes/Engraizquierdo_Link.STL,"0,0196078431372549","0,0196078431372549","0,0196078431372549",1,0,0,0,0,0,0,package://EnsamblajeURDFPRIMO/meshes/Engraizquierdo_Link.STL,,Assembly 2.0 upload.stp-1/gear.stp-1,Origin_Engraizquierdo_joint,,Engraizquierdo_joint,fixed,"0,052941","0,0070618","0,034789","-3,1416","1,2335","3,1416",Eje_final_link,0,0,0,,,,,,,,,,,,
braerecho_Link,"-0,044113","0,0050097","-0,011195",0,0,0,"0,012445","6,9887E-07","-3,707E-09","-5,9581E-07","3,1719E-06","-8,3511E-10","3,3548E-06",0,0,0,0,0,0,package://EnsamblajeURDFPRIMO/meshes/braerecho_Link.STL,"0,69804","0,69804","0,69804",1,0,0,0,0,0,0,package://EnsamblajeURDFPRIMO/meshes/braerecho_Link.STL,,Assembly 2.0 upload.stp-1/gripper.stp-1,Origin_braerecho_joint,,braerecho_joint,fixed,"0,061553","0,0035618","-0,027844","-3,1416",0,"-3,1416",Eje_final_link,0,0,0,,,,,,,,,,,,
braizquierdo_Link,"-0,0441131161508655","0,00500965549627927","-0,0111946654022019",0,0,0,"0,0124453068089912","6,98870290204349E-07","-3,70701166045819E-09","-5,95805484647487E-07","3,17185012605375E-06","-8,35109120343707E-10","3,35484845662561E-06",0,0,0,0,0,0,package://EnsamblajeURDFPRIMO/meshes/braizquierdo_Link.STL,"0,698039215686274","0,698039215686274","0,698039215686274",1,0,0,0,0,0,0,package://EnsamblajeURDFPRIMO/meshes/braizquierdo_Link.STL,,Assembly 2.0 upload.stp-1/gripper.stp-2,Origin_braizquierdo_Joint,,braizquierdo_Joint,fixed,"0,064112","0,013062","0,066637",0,0,"3,1416",Eje_final_link,0,0,0,,,,,,,,,,,,
sopoderecho_Link,"-1,94289029309402E-16","0,00149999999999989","-0,0168749999999998",0,0,0,"0,00068227599352447","7,4681309547896E-08","1,02363600803437E-23","-6,86430661448302E-22","7,66742249182633E-08","-2,64232506922408E-22","3,01632936065399E-09",0,0,0,0,0,0,package://EnsamblajeURDFPRIMO/meshes/sopoderecho_Link.STL,0,0,0,1,0,0,0,0,0,0,package://EnsamblajeURDFPRIMO/meshes/sopoderecho_Link.STL,,Assembly 2.0 upload.stp-1/tuas.stp-1,Origin_sopoderecho_Joint,,sopoderecho_Joint,fixed,"0,084553","0,010062","-0,020344","3,1416","-0,25803",0,Eje_final_link,0,0,0,,,,,,,,,,,,
sopoizquierdo_Link,"-1,11022302462516E-16","0,00150000000000003","-0,016875",0,0,0,"0,000682275993524476","7,46813095478963E-08","8,06501097239202E-24","-4,17726209339279E-23","7,66742249182637E-08","2,03900020994321E-22","3,01632936065406E-09",0,0,0,0,0,0,package://EnsamblajeURDFPRIMO/meshes/sopoizquierdo_Link.STL,0,0,0,1,0,0,0,0,0,0,package://EnsamblajeURDFPRIMO/meshes/sopoizquierdo_Link.STL,,Assembly 2.0 upload.stp-1/tuas.stp-2,Origin_sopoizquierdo_Joint,,sopoizquierdo_Joint,fixed,"0,087112","0,010062","0,059137",0,"-0,33735","-3,1416",Eje_final_link,0,0,0,,,,,,,,,,,,
