Tiempo_s,Distancia_cm,Angulo_deg
0.1291898,12.81,-53.2
0.2591758,12.49,-52.45
0.2597399,12.94,-52.76
0.2600959,13.75,-50.34
0.260572,12.69,-51.83
0.2611458,13.34,-51.44
0.2617196,12.95,-51.79
0.2625503,12.89,-50.91
0.2632363,12.78,-51.35
0.2638243,13.62,-50.78
0.2644255,14.45,-50.56
0.2649571,13.64,-50.56
0.2654512,12.69,-50.38
0.265915,14.75,-50.78
0.2663043,14.34,-50.03
0.2666706,13.97,-50.38
0.267013,14.79,-49.72
0.2673754,14.24,-50.38
0.2677099,13.36,-49.9
0.2680369,15.39,-50.34
0.2684218,13.94,-50.34
0.26881,13.57,-51.44
0.2699008,14.24,-50.03
0.2716757,14.92,-49.86
0.2724215,14.92,-49.33
0.2729317,9.9,-48.76
0.2733986,14.4,-50.38
0.2738344,9.01,-49.68
0.274269,9.91,-51.13
0.2746679,15.15,-50.74
0.2750635,14.24,-51.31
0.2754897,15.57,-50.56
0.2758983,14.09,-51.13
0.2763064,15,-51.83
0.2767317,14.63,-51.57
0.2771523,15.15,-51.75
0.2775922,15.71,-51.48
0.2780004,14.96,-51.83
0.2784069,14.72,-51.13
0.2788209,15.29,-52.32
0.279219,15.61,-51.83
0.279624,15.35,-51.97
0.2799829,15.43,-52.45
0.2803398,14.79,-52.45
0.2806962,15.55,-52.19
0.2810373,15.35,-52.8
0.2813919,15.61,-52.1
0.2817303,17.12,-51.92
0.2820946,18.14,-53.15
0.2824781,16.66,-52.27
0.282861,15.61,-52.63
0.2832621,15.55,-52.45
0.2836465,16.3,-52.71
0.28414,9.93,-50.95
0.2845541,15.31,-52.89
0.2849561,15.82,-52.67
0.2853633,13.79,-52.93
0.2904255,16.16,-52.93
0.2908214,16.07,-52.32
0.306423,15.57,-53.24
0.306883,17.87,-53.15
0.3072187,15.99,-53.28
0.3229766,15.92,-52.14
0.3243026,17.73,-51.7
0.3247619,16.78,-52.71
0.3264419,15.35,-53.02
0.3391663,16.01,-52.49
0.342098,18.65,-53.06
0.3435489,18.34,-52.58
0.3456923,16.14,-52.45
0.3526115,16.3,-52.89
0.368334,17.05,-52.89
0.376619,18.77,-52.36
0.3805236,18.98,-52.41
0.383694,18.2,-53.11
0.3847388,17.95,-52.54
0.3853545,19.48,-53.06
0.3862536,18.45,-53.15
0.3901224,17,-53.37
0.4085058,18.45,-51.22
0.4489935,16.3,-52.63
0.449444,10.92,-51.57
0.4498772,10.95,-51.13
0.4501865,19.17,-53.15
0.4504881,18.14,-53.64
0.4507672,20.42,-53.15
0.451043,19.35,-53.42
0.4513223,16.69,-53.2
0.4549641,20.78,-53.68
0.4553498,17.6,-53.55
0.4556765,17.95,-53.37
0.4559798,20.46,-54.6
0.4742678,18.74,-53.9
0.4746628,18.8,-53.77
0.4749362,18.28,-54.16
0.4901213,21.53,-53.64
0.5077317,19.32,-54.12
0.5081434,20.35,-54.69
0.5085392,19.17,-54.56
0.5089499,18.92,-55.92
0.5092672,19.23,-55
0.5095675,18.39,-55.13
0.5111272,19.26,-55.97
0.5264845,18.2,-57.28
0.5269495,19.32,-56.49
0.5272874,16.73,-56.85
0.5330999,20.74,-59.75
0.5472607,18.92,-56.67
0.5477176,16.78,-57.99
0.5479908,17.29,-58.12
0.5622904,10.55,-58.16
0.5785756,16.36,-58.03
0.5789282,17.42,-59.17
0.5792677,17.37,-59.22
0.5795503,19.32,-58.91
0.5816003,17.42,-59
0.5818896,18.57,-59
0.588915,20.49,-59.22
0.5954633,17.05,-59.35
0.5958638,19.29,-59.04
0.600589,20.53,-58.82
0.6156586,18.74,-58.56
0.616069,16.23,-58.87
0.6163462,17.19,-58.69
0.6307144,18.22,-59.48
0.6472176,17.09,-58.78
0.647823,17.05,-58.34
0.6482232,17.58,-58.82
0.648578,17.05,-57.94
0.6488847,16.88,-59.17
0.6622088,19.39,-58.65
0.6627301,17.02,-57.99
0.6630355,16.27,-58.6
0.6651052,15.61,-57.81
0.6717437,17.6,-57.9
0.6793523,17.6,-56.58
0.6987638,10.08,-56.23
0.717549,15.15,-58.3
0.7181241,10.52,-57.5
0.7185599,16.14,-57.37
0.7189345,15.07,-57.06
0.7192391,15.23,-57.37
0.7195438,15.71,-56.58
0.7204786,16.3,-56.71
0.720779,15.86,-57.37
0.7390964,14.92,-56.89
0.7395248,14.98,-56.05
0.7398137,15.33,-56.8
0.7401384,15.23,-55.97
0.7533816,16.14,-56.41
0.7541076,15.8,-55.83
0.7554028,16.62,-55.57
0.7624477,16.32,-55.92
0.7805298,15.47,-55.35
0.7970783,16.97,-56.19
0.7976379,16.3,-55.83
0.7979536,14.61,-55.97
0.7983566,14.11,-54.65
0.798635,15.61,-55.88
0.7989062,16.3,-55.57
0.8012699,15.67,-54.56
0.8110088,15.92,-55.13
0.8114835,15.55,-55.09
0.81814,16.16,-55.26
0.8251761,9.54,-53.68
0.8258718,15.07,-54.47
0.8327236,13.81,-55.04
0.8550537,15,-55.13
0.8691002,15.61,-55.13
0.8696854,16.3,-54.6
0.8699791,13.53,-55.09
0.8702598,15.02,-54.82
0.8706273,15.49,-55.26
0.8709171,13.71,-55
0.8733743,15.17,-54.25
0.8803937,15.25,-55.13
0.8807749,15.63,-55
0.8872409,14.68,-54.87
0.8943535,13.87,-54.25
0.8989347,15.23,-54.65
0.914293,13.25,-54.95
0.9147552,13.86,-55.61
0.9150339,13.4,-55.31
0.9303056,13.89,-54.3
0.9459394,13.5,-55.31
0.9465601,15.23,-54.6
0.9468632,14.5,-54.47
0.9472224,13.56,-54.69
0.947495,13.73,-55.39
0.9477668,14.02,-55.22
0.9496069,14.5,-53.64
0.9654444,13.91,-55.09
0.9658839,8.74,-52.45
0.9661793,8.99,-54.6
0.9776692,13.91,-54.69
0.9780489,14.14,-54.91
1.0007077,13.53,-54.56
1.014064,13.5,-53.33
1.0144851,13.62,-54.08
1.0147853,13.43,-53.72
1.0150693,12.87,-53.15
1.0154116,13.71,-52.93
1.0192982,12.45,-52.41
1.019641,13.02,-52.41
1.0206992,14.52,-51.97
1.0261734,14.79,-51.44
1.0331824,13.91,-51.97
1.0360847,14.4,-51.44
1.0522474,12.71,-51
1.0527911,13.36,-51.09
1.0531682,12.5,-50.78
1.0699474,13.46,-50.34
1.0843321,15.59,-50.12
1.0846971,14.14,-50.34
1.085019,13.46,-50.74
1.0853922,13.65,-50.03
1.0856727,14.4,-50.82
1.0885909,15.13,-50.56
1.0899868,14.34,-48.98
1.105605,12.85,-50.95
1.1060411,15.17,-50.3
1.1063314,9.1,-50.65
1.1214788,12.22,-51.13
1.121841,15.86,-50.74
1.1221097,13.86,-50.95
1.1390775,15.8,-50.21
1.1526581,14.19,-50.38
1.1531298,14.09,-51.13
1.1535184,13.87,-51.7
1.1538118,13.75,-51.7
1.1580146,15.17,-51.53
1.1583233,14.98,-51.75
1.164961,16.14,-51.22
1.1653744,15.02,-51.66
1.171847,15.07,-52.27
1.1860648,14.04,-52.01
1.1864531,14.43,-51.66
1.1867281,15.92,-51.79
1.2091466,15.23,-51.53
1.2254492,15.61,-52.23
1.2259415,15.71,-52.14
1.2262326,15.92,-52.32
1.2265748,17.6,-52.01
1.2268497,16.5,-52.01
1.2271465,15.51,-52.41
1.2274169,16.07,-52.49
1.2298258,17.05,-50.34
1.2454398,9.74,-50.3
1.2459695,17.27,-52.23
1.2462554,14.9,-52.41
1.2606311,15.75,-52.54
1.2610222,14.98,-53.15
1.2612897,15.27,-52.36
1.278486,14.56,-52.41
1.2912192,17.19,-52.32
1.2917138,17.05,-52.27
1.2920977,17.17,-52.36
1.2923808,15.37,-52.85
1.2968587,17.17,-52.67
1.2971584,17.05,-52.98
1.3039195,17.45,-52.49
1.3105421,18.28,-53.2
1.3112018,15.61,-51.75
1.3178761,18.39,-52.89
1.3246915,17.89,-52.23
1.3250114,17.63,-53.11
1.3410513,16.36,-52.32
1.3548991,16.66,-53.24
1.3552498,18.95,-52.93
1.3555839,18.22,-51.75
1.3558779,18.86,-52.49
1.3595154,19.55,-53.02
1.3598619,18.22,-52.93
1.3754214,17.05,-52.67
1.3758522,18.11,-52.93
1.3761338,11.1,-51.61
1.3801317,10.73,-50.78
1.3872116,19.97,-52.54
1.4102486,20.11,-52.67
1.4231637,16.64,-53.24
1.4235795,17.07,-52.93
1.4239317,21.26,-52.36
1.4242217,18.92,-53.77
1.424566,17.81,-53.2
1.4248338,19.81,-52.76
1.4289808,18.28,-53.72
1.4305473,18.22,-52.54
1.4357839,17.84,-53.28
1.4427417,20.07,-53.46
1.4599448,18.8,-52.49
1.4603378,17.89,-53.15
1.4606104,17.89,-53.2
1.4608784,20.53,-51.92
1.479413,18.17,-53.33
1.4942075,22.82,-53.72
1.4945608,19.32,-53.86
1.4948345,18.8,-53.81
1.4951655,22.14,-54.56
1.4954316,20.28,-54.25
1.4981851,19.42,-54.82
1.4995043,18.74,-55
1.513819,19.07,-54.34
1.5142978,17.47,-55.97
1.5264612,20.28,-56.01
1.5269298,10.64,-56.19
1.5272052,16.25,-56.58
1.5424142,20.63,-57.15
1.5428199,17.68,-57.42
1.560893,17.4,-57.33
1.561387,17.02,-58.08
1.5617044,17.4,-57.86
1.5620574,19.58,-58.34
1.5623551,17.32,-58.03
1.5652019,17.87,-58.08
1.5799118,16.52,-59.26
1.5803434,18.83,-58.78
1.5806294,17.45,-58.47
1.5887202,16.69,-58.34
1.5955158,18.74,-59.61
1.5959458,17.55,-58.78
1.6106201,16.76,-59.22
1.6264946,16.27,-58.87
1.6268943,16.16,-58.87
1.6273055,16.59,-58.08
1.6275984,16.36,-58.95
1.6278752,15.73,-58.69
1.6410418,16.9,-58.78
1.6415375,17.4,-58.21
1.6418278,19.77,-58.03
1.6462546,17.89,-56.45
1.6611626,10.75,-56.41
1.6617175,16.21,-57.77
1.6620332,10.66,-58.25
1.6652762,10.98,-58.25
1.6735803,17,-58.16
1.6896679,16.3,-57.5
1.704117,15.47,-57.42
1.7046004,17.37,-57.94
1.7050039,17.5,-57.59
1.7053897,17.07,-57.11
1.7067799,16.03,-57.33
1.7071111,16.97,-57.81
1.7111767,17.19,-57.06
1.7206019,15.49,-56.67
1.7210189,14.85,-57.37
1.7252692,16.32,-57.11
1.7409619,15.09,-56.54
1.7413841,17.4,-56.63
1.741662,16.59,-56.76
1.7569078,15.61,-56.23
1.774544,16.43,-56.01
1.7749105,15.55,-56.41
1.7754865,16.66,-56.27
1.7761202,16.52,-56.41
1.7764882,16.12,-56.45
1.7768281,14.56,-55.83
1.7936143,15.57,-55.13
1.7940511,14.43,-55.44
1.7943564,9.94,-54.3
1.8093219,14.17,-55.97
1.8097556,16.64,-55.75
1.8100475,15.35,-55.75
1.8269494,14.74,-55.57
1.8426354,14.14,-54.78
1.8430843,16.07,-55.83
1.8434195,13.6,-55.09
1.8438264,13.84,-54.16
1.8441035,14.63,-55.09
1.8455673,16.41,-55.09
1.8458567,14.48,-54.69
1.8597544,14.79,-55.13
1.8601588,14.22,-54.56
1.8604743,14.96,-54.69
1.8735889,14.74,-55.48
1.8739831,14.43,-54.56
1.8967904,14.61,-55.13
1.9128556,14.38,-54.3
1.9134377,14.68,-54.69
1.9138742,13.46,-55.04
1.9143021,14.94,-54.52
1.9149712,14.5,-53.5
1.9154809,15.47,-54.34
1.915789,16.34,-55.44
1.9160555,14.7,-54.56
1.9328772,14.01,-53.46
1.9333341,14.98,-54.56
1.9336446,8.77,-52.76
1.9430707,8.83,-53.15
1.9434863,14.45,-55.17
1.9664703,13.87,-54.56
1.9788129,14.34,-54.56
1.979344,14.45,-54.74
1.9797545,13.96,-54.6
1.9800491,13.79,-55.92
1.9803861,13.39,-54.69
1.9806475,13.42,-55
1.9844148,13.86,-55.31
1.9847154,14.74,-54.69
1.9915814,14.04,-54.6
1.998329,14.59,-52.67
1.99975,13.84,-52.93
2.0156984,13.34,-53.02
2.016191,13.68,-52.71
2.016471,14.57,-52.36
2.0355445,13.79,-50.34
2.0529444,14.94,-51.53
2.053395,12.46,-51.22
2.0537052,13.39,-51
2.0540512,13.6,-51.09
2.054332,13.86,-51.7
2.0546064,15.67,-51
2.0549869,14.48,-51.09
2.0714901,13.4,-48.85
2.071929,14.61,-51.13
2.0722248,15.05,-50.03
2.0818764,9.08,-48.67
2.0822486,15.19,-50.6
2.0994966,14.38,-49.77
2.0998097,13.96,-50.25
2.10008,15.19,-50.82
2.1003847,13.5,-50.82
2.1046103,15.15,-50.47
2.1171942,14.63,-50.52
2.1176224,13.64,-50.38
2.1234969,15.57,-51.17
2.1303379,15.71,-51.35
2.1308318,16.9,-51
2.1370756,15.23,-51.04
2.1397052,14.29,-51.48
2.1551041,14.87,-50.82
2.1555054,14.41,-51.48
2.1557779,16.73,-51.35
2.1594845,14.5,-51.44
2.166274,14.9,-51.61
2.1830309,16.25,-51.04
2.1834305,15.35,-51.53
2.1837086,14.56,-51.7
2.1855352,14.79,-51.53
2.203345,16.92,-51.97
2.203752,14.81,-51.75
2.2040444,14.81,-50.21
2.2189945,10.42,-49.33
2.2194413,14.41,-52.36
2.2197286,10.22,-51.57
2.2369982,10.16,-52.14
2.2497121,15.61,-51.75
2.2501764,16.3,-52.27
2.2504821,15.25,-52.27
2.2508189,15.41,-52.67
2.2510859,18.22,-52.27
2.2553524,15.29,-52.05
2.2557183,17.05,-52.67
2.2622745,15.55,-52.32
2.2692649,17.22,-52.45
2.2833522,16.36,-51.92
2.2837523,19.07,-52.45
2.2840497,17.76,-51.88
2.2996179,18.03,-52.19
2.3144089,15.8,-51.7
2.3149418,16.1,-52.89
2.3153721,16.9,-52.36
2.3159103,16.8,-51.92
2.3163482,16.25,-51.66
2.3177494,16.71,-51.79
2.3205281,18.34,-51.83
2.336749,18.22,-51.97
2.3371889,17.84,-51.97
2.3374756,19.71,-52.54
2.351806,16.32,-52.76
2.3521862,10.64,-50.65
2.3524593,15.95,-52.8
2.3687248,19.23,-52.76
2.3820215,10.21,-52.98
2.3824706,17.52,-52.89
2.3828424,17.79,-52.45
2.3831884,18.95,-52.76
2.3873619,18.98,-53.2
2.3877089,17.58,-52.85
2.3941977,19.77,-52.89
2.4012754,17.47,-52.98
2.4020409,18.11,-53.02
2.4193402,17.05,-52.89
2.4198895,17.05,-53.02
2.4203128,17.12,-53.06
2.4355011,19.2,-53.2
2.4579314,18.36,-53.24
2.4584258,18.57,-53.15
2.4587272,19.67,-53.28
2.4592538,20.85,-54.25
2.4597364,20.39,-53.2
2.4602634,20.96,-53.37
2.4607744,21.69,-53.28
2.47456,18.17,-53.81
2.4751449,17.5,-53.68
2.4754585,19.26,-53.46
2.4757988,18.77,-52.01
2.4904293,20.25,-53.86
2.4911932,10.22,-53.24
2.4916976,11.6,-52.89
2.5074448,18.8,-53.72
2.5213714,21.04,-54.95
2.5217364,17.45,-55.7
2.5220948,17.05,-55.83
2.522393,19.55,-56.14
2.526228,20.32,-56.05
2.5266213,17.89,-56.76
2.53311,18.77,-57.37
2.540295,17.89,-57.33
2.5407898,18.28,-57.37
2.5586009,16.92,-58.25
2.5590152,17.32,-57.86
2.5593033,20.07,-57.55
2.5607652,19.35,-57.86
2.5768488,16.9,-58.74
2.5910562,18.48,-58.21
2.5914827,16.85,-58.78
2.5918363,16.76,-57.77
2.5921083,17.92,-58.52
2.595598,18.74,-58.74
2.5958935,18.68,-58.56
2.6122903,17.12,-58.78
2.612712,17.05,-58.08
2.6129946,16.85,-58.65
2.6236703,18.51,-56.27
2.6240168,16.83,-58.78
2.6467766,18.51,-58.08
2.6586105,10.4,-56.36
2.6591742,10.22,-57.94
2.659571,17.95,-58.69
2.6599102,17.37,-58.34
2.6602637,19.26,-58.03
2.6605572,17.92,-58.74
2.665568,16.25,-57.86
2.6661672,17.32,-57.59
2.6721169,18.34,-58.34
2.6792641,16.16,-58.08
2.6929619,15.37,-58.34
2.6933483,15.84,-57.64
2.6936365,19.55,-56.98
2.7164317,16.52,-57.86
2.7321436,16.71,-57.33
2.732617,16.07,-57.24
2.7328977,15.43,-57.86
2.7331626,16.73,-56.45
2.7334882,16.64,-56.63
2.7337508,17.34,-57.11
2.7343142,15.33,-56.54
2.7345929,15.8,-57.15
2.7533993,15.71,-56.8
2.7539065,15.41,-56.45
2.7542766,15.17,-55.83
2.7623493,14.94,-54.25
2.7627417,10.57,-54.25
2.7852394,16.3,-56.36
2.7973244,17.4,-55.75
2.7977892,9.88,-56.45
2.7980995,14.4,-56.32
2.7983941,15.88,-55.57
2.7987413,14.56,-56.58
2.799359,14.4,-56.67
2.8048716,17.34,-55.22
2.8052304,16.18,-55.7
2.8107513,14.36,-55.88
2.8166165,14.48,-55.13
2.8248665,16.1,-55
2.8252524,16.39,-55.09
2.8474277,15.84,-55.48
2.8628285,16.3,-55.22
2.863329,17,-55
2.8636268,15.92,-54.69
2.8639579,14.12,-55.35
2.8642272,15.49,-55.17
2.8658001,15.92,-54.43
2.8660804,16.64,-55
2.8747601,14.68,-54.56
2.8752044,15.09,-55.09
2.8802373,13.71,-55.31
2.8942903,13.84,-55.09
2.8946622,14.16,-55.35
2.9158118,15.25,-53.9
2.9275232,9.3,-52.76
2.9280441,9.65,-53.59
2.9284636,15.51,-54.52
2.9287634,14.98,-55.26
2.9291102,16.45,-55.04
2.9293822,14.63,-55.39
2.942879,13.59,-55.26
2.943336,14.22,-55.31
2.9436298,13.96,-54.69
2.9470843,14.07,-55.26
2.956852,13.54,-54.56
2.9572318,13.87,-55.92
2.9633589,14.14,-55.35
2.9790831,14.4,-54.6
2.9936788,14.66,-54.69
2.9940875,13.08,-54.3
2.9944322,14.34,-54.16
2.9947169,14.34,-54.56
2.9949854,14.5,-54.56
2.9981797,13.31,-54.43
3.0056072,13.22,-51.22
3.0060427,14.02,-52.67
3.0122519,14.66,-52.76
3.0265434,13.39,-52.54
3.0270166,15.17,-51.75
3.0272962,14.98,-51.35
3.0493716,14.79,-50.21
3.0621181,14.56,-51.75
3.0625278,13.45,-50.47
3.0628152,9.05,-50.21
3.0631408,13.57,-50.74
3.0635061,13.62,-50.82
3.0637922,13.22,-50.34
3.0677532,13.65,-51
3.0747795,13.25,-50.78
3.0751973,14.04,-50.34
3.0827497,15.15,-50.34
3.0958878,14.21,-50.74
3.0963808,14.59,-51.31
3.0966737,15.15,-50.38
3.1188899,15.04,-50.74
3.1338984,16.23,-50.91
3.1342532,14.06,-50.38
3.134566,15.17,-51.26
3.1349362,15.39,-50.47
3.1352147,15.11,-51.13
3.1354831,14.88,-51.22
3.1370921,16.25,-51.26
3.1395598,15.75,-51.22
3.1539615,16.45,-51.13
3.1545198,16.34,-50.95
3.1652389,14.63,-51.57
3.1656139,14.47,-51.66
3.1658866,14.92,-51.44
3.1889975,16.59,-49.24
3.2013376,9.98,-50.16
3.2018326,15.95,-51.09
3.2021564,10,-51.83
3.2025062,9.45,-51.75
3.2027797,17,-51.75
3.2030476,17.12,-51.44
3.2064224,15.55,-51.48
3.2136178,15.59,-52.36
3.2198647,15.29,-51.61
3.2204187,15.31,-51.88
3.2357534,16.59,-51.97
3.2363751,18.34,-51.97
3.2368531,16.69,-52.41
3.2574641,15.35,-51.61
3.2722414,18.6,-51.7
3.2726892,15.97,-51.79
3.2729959,15.59,-52.41
3.2733391,17.6,-52.23
3.2736106,15.82,-51.75
3.27629,17.4,-51.66
3.2766416,15.95,-52.45
3.2943094,18.45,-51.79
3.2946936,18.6,-52.89
3.2949899,17.84,-52.41
3.3128149,16.32,-52.14
3.3131567,17.71,-52.19
3.3134236,18.31,-52.41
3.3136919,18.8,-52.45
3.3289118,10.47,-51.09
3.3419148,15.8,-52.41
3.3423048,18,-52.36
3.3426635,16.18,-52.85
3.3430046,17.68,-52.85
3.3432838,16.03,-52.45
3.3454863,17.76,-52.58
3.359655,19.29,-53.15
3.3600537,18.36,-53.24
3.3603247,16.88,-52.45
3.3826123,19.04,-52.49
3.3829411,18.17,-52.98
3.3832076,18.92,-53.06
3.3834848,19.39,-53.24
3.3985686,19.58,-52.93
3.4129466,18.06,-53.15
3.4133042,19.55,-52.45
3.4136389,18.48,-53.15
3.4139084,19.55,-53.15
3.4141724,19.77,-53.02
3.4147291,19.32,-52.8
3.4331371,17.37,-53.37
3.4335502,18.51,-52.98
3.4338503,19.67,-53.55
3.4494998,19.48,-53.24
3.4499312,18.17,-53.11
3.450247,19.45,-51.7
3.465053,19.71,-53.68
3.4766744,10.67,-51.75
3.4771715,10.93,-51.57
3.4775039,20.63,-54.38
3.4778585,18.51,-53.55
3.4781314,18.65,-53.94
3.4913581,18.39,-54.16
3.4917476,19.58,-53.99
3.4920408,19.17,-54.65
3.4955173,19.29,-55.13
3.5054386,19.77,-55.88
3.5058325,20.89,-56.58
3.5118473,17.81,-55.57
3.5275861,20.71,-55.97
3.5452728,18.22,-56.76
3.5456629,19.35,-56.71
3.5460229,17.05,-57.37
3.5463021,17.22,-56.54
3.5466045,20.11,-57.37
3.5469203,17.84,-57.94
3.5645267,20.71,-57.28
3.5650081,18.22,-57.46
3.5653985,16.3,-57.15
3.5749239,18.65,-57.68
3.5753161,16.66,-58.21
3.5755911,18.34,-57.46
3.5981133,18.77,-58.12
3.6108605,17.92,-56.36
3.6113038,18.57,-58.25
3.6116243,16.73,-57.9
3.6119865,10.24,-58.34
3.612266,18.71,-58.65
3.6125351,16.5,-58.3
3.6165931,18.17,-58.87
3.6233708,16.23,-58.87
3.6304731,17.12,-58.34
3.6311828,18.98,-58.3
3.6385346,19.23,-58.52
3.6643392,21.49,-58.34
3.6811704,18.39,-58.38
3.6815472,15.88,-57.77
3.6818484,17.87,-57.28
3.6821221,19.35,-58.12
3.6824525,18.65,-57.86
3.6827198,17.09,-57.81
3.6829954,17.92,-57.37
3.6840596,18.14,-57.06
3.6850076,17.05,-57.59
3.7000383,16.88,-57.37
3.7004828,15.33,-57.37
3.7007805,15.27,-57.46
3.7065846,16.59,-57.42
3.7138593,17.84,-57.33
3.7370071,17.52,-56.58
3.7504685,15.97,-58.78
3.7508995,16.76,-54.56
3.7512211,9.79,-55.39
3.7515489,16.32,-57.37
3.7518936,10.58,-56.98
3.7521687,10.36,-57.37
3.7553698,17.84,-57.02
3.7556936,16.9,-56.19
3.762219,18.11,-56.36
3.7693034,15.43,-56.19
3.7710985,16.1,-56.36
3.7767806,17.6,-55.83
3.7936888,15.92,-56.1
3.7940722,14.81,-56.01
3.7943578,16.97,-56.71
3.7986008,16.8,-56.01
3.814685,14.33,-55.53
3.8300339,16.34,-55.17
3.8304226,15.88,-55.53
3.830708,16.3,-55.61
3.8310425,15.8,-55.7
3.8313145,15.23,-55.53
3.8316191,14.11,-55.26
3.8353093,16.73,-55.48
3.8490456,14.74,-55.26
3.8495685,16.3,-56.27
3.8597344,16.78,-55.26
3.8601375,14.98,-54.78
3.8604158,15.25,-55.22
3.8759815,15.49,-55.26
3.8764657,10.33,-53.72
3.8767585,15.37,-54.6
3.8828136,15.25,-54.65
3.8961599,14.28,-55.35
3.8966295,14.36,-54.78
3.9012534,14.29,-55.22
3.9016908,16.45,-55.31
3.9079225,16.59,-55.04
3.9152948,15.37,-54.78
3.9159375,15.59,-55.53
3.9313413,14.4,-55
3.9317363,15.29,-55.48
3.9320147,14.98,-55.66
3.9519789,14.77,-58.03
3.9685413,15.61,-55.31
3.9691337,13.51,-55.48
3.9695985,14.33,-55.44
3.9701377,15.41,-55.26
3.9706127,15.23,-55.48
3.9711497,13.86,-54.65
3.9716159,13.91,-54.56
3.9757862,14.26,-54.65
3.9918235,14.56,-54.56
3.9922453,14.41,-54.56
3.9926328,13.05,-54.38
3.9956427,13.37,-54.12
4.0054831,14.36,-52.05
4.0058754,13.34,-53.59
4.0119678,9.17,-50.91
4.0277346,9.44,-51.09
4.0419944,14.02,-51.75
4.0423839,15.25,-52.89
4.0427334,13.56,-51.66
4.0430102,12.96,-51.66
4.0470411,14.85,-52.14
4.0473929,15.9,-51.83
4.0508466,13.68,-51.22
4.0633567,16.3,-51.53
4.0639868,15.37,-51.53
4.0782267,14.74,-51.17
4.0786288,15.07,-51.7
4.0789098,14.66,-50.91
4.0937147,13.75,-51.35
4.1097056,15.73,-51.35
4.1101574,15.57,-51.22
4.1105291,15.35,-50.56
4.1108145,14.59,-51.13
4.1110932,15.92,-51.17
4.1128852,14.59,-51.31
4.1302596,14.88,-49.68
4.1307075,14.7,-52.41
4.1310697,14.5,-50.95
4.131364,15.47,-51.66
4.1452926,16.36,-51.66
4.1456792,14.63,-50.03
4.1459535,15.17,-51.53
4.1622726,13.87,-51.09
4.1748943,10.09,-49.68
4.175286,9.45,-51.57
4.1756412,17.27,-51.83
4.1759312,14.85,-51.53
4.1790656,16.78,-51.22
4.182594,17.29,-51.17
4.1861072,15.88,-52.01
4.1927898,15.82,-51.79
4.1952389,16.3,-51.75
4.2071773,15.88,-51.88
4.2077406,17.19,-51.66
4.2306177,17.4,-51.7
4.2458671,15.61,-52.1
4.2463551,18.22,-50.43
4.2467866,17.12,-51.7
4.2471703,15.51,-51.79
4.2476279,16.88,-52.45
4.2480103,16.66,-52.45
4.248393,17.14,-51.83
4.2495519,17.32,-51.75
4.2661781,15.95,-52.14
4.2665842,18.25,-52.05
4.2668836,15.9,-52.41
4.2764161,18.34,-51.44
4.2769331,17.89,-51.83
4.2995697,18.74,-51.22
4.3128904,11.22,-50.6
4.3135348,17.63,-52.27
4.313868,16.9,-53.24
4.3141513,10.47,-52.49
4.3145489,17.5,-52.63
4.3179402,17.87,-52.67
4.3183659,19.77,-52.58
4.3196391,17.89,-52.27
4.3317613,16.83,-52.85
4.3321695,17.68,-53.06
4.3386615,18.8,-52.93
4.3458082,17.07,-52.32
4.346268,20.63,-52.36
4.3688955,18.45,-52.45
4.3851734,15.92,-53.15
4.38554,19.77,-52.45
4.3858644,18.48,-53.06
4.386352,19.39,-52.1
4.3867365,19.74,-53.06
4.3870724,18.51,-53.59
4.3873475,17.05,-54.08
4.3896679,18.77,-52.63
4.4045785,20.07,-53.42
4.4051405,17.12,-52.71
4.4154479,18.17,-52.32
4.4158473,21.45,-53.24
4.4161266,19.17,-53.2
4.4384082,20.81,-53.59
4.4510864,11.73,-52.19
4.4515764,10.14,-52.23
4.4518773,21.38,-52.89
4.45223,20.07,-53.68
4.4525047,20.07,-53.55
4.4527705,19.77,-53.15
4.4567026,20.85,-53.86
4.4637116,19.67,-53.81
4.4708741,20.89,-53.37
4.4715026,18.77,-53.77
4.4869845,16.78,-53.5
4.4873674,22.6,-54.56
4.4876557,17.58,-53.77
4.4965084,18.22,-54.56
4.4968027,17.87,-54.78
4.5007044,18.48,-55.44
4.5173208,17.92,-55.83
4.5177044,17.79,-55.83
4.5179997,20.14,-56.54
4.5199426,20.71,-55.75
4.5389084,18.48,-56.36
4.5393017,19.17,-56.63
4.5395938,19.84,-56.93
4.5544981,19.2,-56.76
4.5550742,19.23,-57.5
4.555539,17.73,-57.42
4.5701497,18.2,-55.92
4.5834563,20.25,-57.42
4.5840183,17.79,-57.77
4.584443,10.37,-55.97
4.5849207,18.48,-58.08
4.5890269,16.83,-58.08
4.5894766,19.94,-57.5
4.5917721,17.71,-58.08
4.5954904,19.48,-57.37
4.6026206,17.87,-57.42
4.6058251,18.14,-58.08
4.6106697,17.84,-58.12
4.623432,18.92,-58.08
4.6238152,20.18,-57.37
4.6474264,19.29,-57.46
4.6627762,19.45,-58.34
4.6631626,17.87,-57.5
4.6635149,17.73,-57.33
4.6637955,16.8,-57.77
4.6641301,17.55,-57.94
4.6644106,16.83,-56.14
4.6650083,16.36,-58.03
4.6653791,18.71,-57.81
4.6832609,18.36,-57.33
4.6839832,19.07,-57.46
4.684377,16.39,-57.33
4.6979606,18.77,-57.94
4.6983412,18.03,-57.37
4.6986368,18.86,-55.13
4.7160951,10.99,-55.22
4.7295589,18.48,-57.28
4.7299236,10.42,-55.53
4.7302284,10.69,-57.59
4.7306013,18.51,-56.85
4.7345692,15.31,-57.2
4.7348924,16.18,-56.01
4.7351764,16.64,-56.85
4.7415495,18.2,-56.8
4.7484894,15.71,-56.93
4.7495747,15.97,-56.76
4.7553567,15.51,-56.41
4.7857917,17.87,-56.67
4.8017029,14.88,-56.67
4.8020641,16.64,-56.45
4.8023386,16.64,-56.85
4.8026081,17.63,-56.8
4.8028788,16.07,-55.97
4.8032248,17.32,-55.88
4.8035449,15.07,-57.11
4.8039744,16.36,-56.32
4.8049162,15.63,-55.97
4.8149076,15.95,-56.63
4.8154884,15.71,-56.01
4.8222309,17.68,-56.41
4.8318825,14.31,-55.97
4.8322718,14.87,-56.01
4.8550183,15.43,-55.97
4.8677112,10,-53.77
4.8681347,15.07,-55.88
4.8684711,14.65,-56.01
4.8687638,9.19,-55.83
4.869099,14.92,-55.35
4.8693666,17.12,-54.69
4.8732817,14.7,-54.56
4.8746382,15.67,-55.44
4.8803345,16.97,-55.97
4.8876529,14.11,-55.75
4.903714,14.85,-55.61
4.9041032,14.12,-55.66
4.9043776,15.57,-55.57
4.9251905,15.23,-55.26
4.9399722,14.68,-55.26
4.9403126,15.04,-55.09
4.9405852,13.68,-55.13
4.9408551,16.3,-55.53
4.9411845,14.24,-54.87
4.9414519,14.57,-55.66
4.942715,14.01,-54.82
4.9452332,13.2,-54.69
4.9610121,14.4,-55.13
4.9614158,13.36,-55.31
4.9616932,13.96,-55.35
4.9706519,14.88,-54.78
4.9710088,14.34,-55.09
4.9937568,15.69,-54.82
5.0072529,8.77,-53.64
5.0079103,9.51,-52.49
5.0082522,15.31,-54.16
5.0086672,13.39,-54.34
5.008966,16.18,-53.5
5.0127151,13.76,-53.15
5.0132054,14.98,-52.85
5.0150921,14.4,-52.67
5.0201066,13.86,-51.88
5.0264423,15.95,-52.05
5.0336135,14.45,-51.61
5.0349258,13.96,-52.1
5.0546119,13.96,-51.75
5.0553021,13.51,-51.92
5.0558596,17.27,-51.48
5.078245,14.31,-51.79
5.078951,13.89,-51.44
5.0794311,15.27,-51.75
5.0801114,15.31,-51.61
5.0807202,14.07,-51.75
5.0924651,14.04,-51.88
5.0930488,14.87,-51.75
5.0934566,15.69,-51.66
5.0960513,16.43,-51.83
5.1001669,15.95,-51.53
5.1158763,14.4,-51.75
5.1162839,17.55,-49.72
5.1165959,13.84,-52.32
5.1327302,16.3,-52.05
5.1475322,10.22,-49.68
5.1479733,15.51,-51.61
5.1483575,14.7,-51.79
5.148651,16.3,-52.01
5.1519898,14.87,-51.83
5.1524403,17,-51.44
5.1555313,16.52,-51.79
5.1727272,14.88,-51.35
5.173267,17.45,-51.61
5.1736232,15.23,-52.19
5.1881553,17.12,-51.26
5.1885686,16.3,-51.53
5.1888602,16.23,-51.83
5.203992,16.62,-51.48
5.2196529,18.39,-51.57
5.2201938,15.82,-51.79
5.2206501,17.34,-52.27
5.2209415,17.52,-52.36
5.2212657,17.84,-51.83
5.2215414,16.78,-52.27
5.225759,16.73,-51.7
5.2347838,17.05,-52.36
5.2418414,16.23,-52.45
5.2425639,17.45,-52.49
5.2575979,18.2,-52.19
5.2580002,15.99,-49.94
5.2583105,18.25,-50.3
5.2657583,19.29,-52.76
5.2661889,11.15,-50.47
5.2819989,10.75,-52.58
5.3002019,17.87,-51.97
5.3008449,18.92,-52.67
5.3013901,19.2,-53.15
5.3018396,17.05,-52.36
5.307018,19.58,-51.83
5.3075426,16.34,-53.15
5.307882,22.05,-52.58
5.3229227,18.06,-52.41
5.3236726,18.6,-52.58
5.3241531,19.17,-52.67
5.3318623,16.69,-52.41
5.3322822,17.73,-52.36
5.338571,20.81,-53.06
5.3541992,21.53,-52.85
5.3703245,19.97,-52.67
5.3708552,18.28,-53.37
5.3712975,20.92,-53.15
5.3716425,17.45,-52.45
5.3719534,21.3,-53.15
5.3722436,17.76,-53.15
5.3760314,18.83,-53.55
5.3904057,19.26,-52.93
5.390928,19.42,-52.58
5.39129,19.87,-52.85
5.4062881,11.69,-51.09
5.4068204,16.88,-53.11
5.4071614,19.67,-53.06
5.4249116,10.32,-53.46
5.4382419,18.6,-53.77
5.4387167,18.95,-53.99
5.4390091,17.6,-53.55
5.4393591,22.26,-52.85
5.4427908,19.07,-53.28
5.4431403,19.42,-53.59
5.446385,19.77,-53.46
5.449762,22.26,-53.46
5.457219,17.47,-53.99
5.4743241,20.32,-53.28
5.4749556,21.45,-53.64
5.475246,21.26,-53.46
5.4933052,21.85,-53.2
5.5093744,19.32,-54.47
5.5097532,20.89,-54.52
5.5100808,23.45,-54.56
5.5105815,17.07,-55.26
5.5109937,18.17,-56.1
5.511396,19.55,-55.83
5.5117981,21.15,-56.01
5.5281523,22.51,-55.92
5.5286789,22.64,-56.36
5.5289659,18.98,-56.19
5.5402185,22.86,-56.63
5.5405821,10.92,-55.22
5.5408544,12.02,-54.38
5.5634534,19.2,-57.42
5.5764006,18.34,-56.8
5.5769459,20.89,-57.37
5.577357,19.71,-57.37
5.5778004,19.04,-57.33
5.5781004,21,-57.68
5.578395,17.89,-57.37
5.5817808,18.98,-56.98
5.5889965,17.02,-57.46
5.5956894,17.71,-57.68
5.5961413,17.92,-57.33
5.6006863,19.35,-56.93
5.6168144,19.2,-57.37
5.6171962,18.39,-57.86
5.6174661,16.71,-57.37
5.6326612,17.5,-57.15
5.6501911,16.9,-57.46
5.6507593,19.14,-57.5
5.6511208,17.98,-57.55
5.6513986,16.73,-57.46
5.6517232,19.17,-57.42
5.6545844,21,-57.68
5.655979,18.98,-57.86
5.6698299,18.03,-57.37
5.6702705,17.73,-55.57
5.6705534,18.74,-57.42
5.6791227,18.06,-57.59
5.7033167,11.31,-55.57
5.7188324,11.15,-56.67
5.7194968,19.17,-57.55
5.7198565,17.37,-56.8
5.7203079,20.49,-57.42
5.720669,18.39,-56.45
5.720967,17.68,-57.37
5.7212495,17.42,-57.24
5.7215244,17.09,-57.37
5.7254619,19.58,-57.33
5.7345026,18.8,-57.15
5.7392105,17.12,-56.89
5.7485782,16.78,-56.58
5.7489899,17.52,-57.06
5.7551738,16.52,-56.36
5.7555185,17.87,-57.2
5.7705358,17.84,-56.8
5.7887387,18.57,-56.54
5.7892079,16.32,-56.1
5.7896672,15.95,-56.1
5.7901184,16.76,-56.54
5.7904217,17.87,-57.64
5.7907814,18.8,-56.41
5.7953995,17.42,-57.33
5.8115131,17.07,-56.14
5.8122213,17.95,-54.82
5.8125947,16.43,-54.78
5.8185213,15.61,-55.75
5.8203759,14.96,-56.8
5.8363328,10.87,-55.97
5.8369421,16.18,-56.36
5.8497436,16.52,-56.27
5.850306,16.92,-56.63
5.8506166,15.27,-55.48
5.8564673,15.99,-56.58
5.8568511,17.09,-56.41
5.8663778,19.2,-55.75
5.8667874,14.77,-56.14
5.8739493,15.19,-56.19
5.8803566,15.95,-55.92
5.8807385,14.48,-56.36
5.9035746,16.59,-56.19
5.9193631,15.09,-55.97
5.9197439,15.82,-55.31
5.9200339,16.05,-55.83
5.9203573,14.74,-55.26
5.9206225,16.88,-55.97
5.9208825,16.34,-55.39
5.9216513,15.8,-56.05
5.9258653,16.59,-55.09
5.9302833,15.47,-54.74
5.9382091,14.98,-54.87
5.9543962,16.64,-55.26
5.955008,15.11,-56.45
5.9552836,10.53,-53.59
5.9736767,10.14,-53.37
5.9873598,13.84,-55.39
5.9878588,8.95,-55.39
5.9882717,14.83,-54.95
5.988716,15.95,-55.48
5.9890122,14.85,-55.26
5.989288,14.17,-55.09
5.9915681,16.05,-55.04
5.994742,14.38,-53.59
6.0053459,15.88,-53.46
6.0058205,14.45,-53.59
6.0247396,15.43,-52.85
6.0251448,16.43,-53.06
6.0254256,15.9,-52.54
6.0257019,17.05,-52.85
6.0408729,16.5,-52.41
6.056948,13.56,-52.01
6.0573336,14.31,-52.1
6.0578395,14.22,-52.45
6.0581185,16.66,-52.01
6.0583842,14.79,-51.97
6.0733018,15.61,-51.79
6.0737484,16.25,-51.92
6.0740565,16.64,-51
6.0890721,16.64,-51.44
6.0894688,15.19,-51.26
6.0897759,16.03,-51.66
6.1119355,14.98,-51.17
6.1242859,10.09,-50.34
6.1247291,15.97,-51.75
6.1250338,15.53,-50.74
6.1253574,16.3,-51.75
6.1256966,15.86,-51.44
6.1259682,15.55,-51.75
6.1302727,17.95,-52.05
6.130618,17.68,-51.75
6.1372559,15.63,-52.36
6.1441916,16.16,-52.1
6.148061,17.05,-52.01
6.163022,15.8,-51.75
6.1634348,16.05,-52.19
6.1637269,18.11,-52.63
6.1790516,16.39,-52.45
6.1948463,16.85,-51.75
6.1952625,16.95,-51.88
6.1956122,15.67,-52.71
6.1958889,17,-51.79
6.1961569,19.23,-52.14
6.198279,16.3,-52.36
6.2139028,17.87,-52.19
6.2144068,16.3,-52.54
6.214702,17.68,-52.49
6.2166513,16.45,-52.14
6.2205311,18.31,-52.67
6.2277997,18.08,-51.04
6.2509626,16.95,-52.45
6.2637278,10.37,-50.34
6.2641802,10.55,-52.01
6.2645417,17.87,-53.02
6.2648961,16.88,-52.19
6.2652518,19.1,-51.88
6.2655404,18.28,-53.2
6.2692626,17.79,-52.8
6.2702983,18.2,-52.54
6.2762933,16.95,-52.45
6.2834908,18.77,-52.93
6.2901219,19.07,-53.15
6.2905167,18.45,-52.58
6.296954,18.34,-53.55
6.3203339,19.23,-53.15
6.3360132,19.77,-52.76
6.336381,18.74,-53.15
6.3366504,19.71,-52.63
6.3369204,19.71,-53.55
6.3372882,18.48,-53.15
6.33759,18.8,-53.15
6.3386399,17.4,-53.99
6.3402889,18.8,-52.98
6.3550605,19.26,-53.15
6.3554711,19.42,-53.81
6.3557656,20.32,-53.86
6.3667532,21.15,-53.86
6.3671379,20.25,-51.75
6.3876436,18.39,-52.89
6.40018,19.58,-53.15
6.4008784,10.76,-53.42
6.401444,19.77,-52.71
6.4018247,19.29,-53.59
6.4021072,22.73,-53.24
6.4149178,18.57,-53.55
6.4153263,17.87,-53.24
6.4156003,18.36,-53.46
6.4159002,19.17,-53.37
6.4198499,17.92,-53.2
6.4357627,21.07,-53.15
6.4363259,18.45,-53.2
6.4366741,20.71,-53.28
6.4514634,20.71,-54.08
6.4672049,17.71,-53.15
6.4676027,18.92,-53.06
6.4679422,23.54,-54.16
6.4682149,20.89,-53.37
6.4720452,20.89,-53.55
6.4726301,19.77,-53.42
6.4779696,20.42,-53.94
6.4862204,21.77,-53.46
6.4867326,19.17,-54.78
6.5020376,18.77,-54.78
6.5024878,18.86,-54.38
6.502765,21.42,-55.17
6.5197742,11.96,-53.37
6.5334572,12.02,-54.25
6.5338811,17.63,-56.01
6.5342905,11.22,-56.76
6.5346199,21.22,-56.63
6.5400882,20.18,-56.85
6.5404668,20.39,-57.37
6.5407466,20.35,-57.68
6.5533228,19.1,-57.55
6.5539696,22.09,-57.37
6.5609901,21.22,-57.33
6.5613918,18.11,-57.81
6.5679702,17.29,-57.86
6.5914163,18.48,-58.12
6.6071344,18.25,-57.46
6.6075024,17.87,-57.81
6.6077756,17.4,-57.42
6.6080403,21.45,-57.68
6.6083601,18.14,-57.33
6.6088922,19.64,-57.06
6.6095259,20.78,-58.08
6.6101042,19.42,-57.77
6.6153952,20.89,-57.99
6.6267247,17.89,-57.77
6.6271745,22.05,-57.28
6.6457024,17.58,-56.71
6.6460899,21.42,-57.46
6.6463718,19.04,-57.33
6.6466403,18.71,-57.5
6.6612351,10.67,-55.44
6.6742873,19.64,-57.11
6.6746679,19.91,-57.5
6.6750432,18.95,-57.37
6.6814177,19.29,-56.89
6.682015,17.19,-56.49
6.6825041,20.14,-56.58
6.6859609,17.87,-57.15
6.6931112,20.21,-56.89
6.6956882,17.37,-57.28
6.712567,18.22,-57.42
6.7134487,19.77,-57.06
6.7141527,20.56,-57.06
6.7273209,17.17,-57.37
6.7428598,18.45,-56.58
6.7432846,16.59,-56.63
6.7436507,18.31,-56.58
6.7440211,17.05,-56.89
6.7445564,20.49,-56.89
6.7466965,17.79,-56.36
6.7620077,16.05,-56.54
6.7624602,18.8,-57.06
6.7627704,16.78,-56.98
6.7694143,18.31,-56.63
6.77631,16.55,-56.71
6.7768881,18.28,-56.76
6.7915423,16.43,-55.97
6.8038201,18.34,-57.55
6.8042934,10.83,-54.56
6.80473,10.31,-56.8
6.8050174,16.73,-56.71
6.8109397,19.23,-57.28
6.811289,20.32,-56.71
6.8181941,18.39,-56.54
6.8240358,17.05,-56.14
6.8275437,15.97,-56.36
6.842899,16.85,-58.03
6.8432733,16.27,-56.71
6.8435429,18.28,-57.06
6.8620025,16.01,-56.05
6.8768732,16.78,-57.33
6.8772877,16.78,-58.21
6.8775944,15.8,-55.97
6.8779335,16.76,-56.63
6.8781992,16.76,-56.27
6.8803415,15.25,-56.93
6.8807691,16.8,-56.76
6.8945223,15.57,-56.01
6.894944,15.17,-56.19
6.8966893,18.36,-56.1
6.9084183,14.94,-56.14
6.9089722,15.05,-55.97
6.9313007,14.4,-55.97
6.9430486,17.47,-56.49
6.943451,14.88,-54.3
6.9438524,14.72,-55.97
6.944204,17.17,-55.97
6.944554,10.28,-56.19
6.9448238,15.61,-56.23
6.949603,14.56,-55.92
6.9499006,16.36,-56.67
6.9570607,16.8,-56.36
6.9637497,15.19,-55.31
6.9660801,15.09,-55.97
6.9840597,14.96,-54.65
6.9846267,15.27,-55.13
6.9850731,16.5,-54.82
7.000656,16.01,-54.74
7.0166342,15.23,-54.43
7.0170256,15.92,-54.47
7.0173207,15.43,-54.16
7.0176512,16.25,-53.2
7.0179195,13.86,-53.15
7.0191879,15.67,-53.11
7.020319,16.18,-51.83
7.0351307,15.02,-52.41
7.0357463,14.98,-52.14
7.0361903,15.09,-51.7
7.047288,14.85,-51.61
7.0476796,16.73,-51.57
7.0702513,16.97,-50.91
7.0823681,15.9,-50.95
7.0828126,17.34,-49.42
7.0831272,10.73,-50.03
7.0834076,15.71,-51.17
7.0837647,17.09,-50.21
7.084049,15.57,-50.47
7.0888231,17.22,-50.78
7.0897013,15.95,-50.6
7.0954113,15.61,-51.61
7.1026131,15.9,-50.78
7.1192633,14.94,-50.82
7.1196598,16.59,-51.48
7.1199332,16.05,-50.47
7.140069,16.55,-50.34
7.1549163,19.07,-50.74
7.1552746,17.73,-50.78
7.1555625,17.76,-51.57
7.1558351,16.92,-51.7
7.1561625,17.29,-50.25
7.1564328,17.79,-50.91
7.1580244,18,-51.61
7.1743887,17.27,-51
7.1749056,19.23,-51.88
7.1751979,18,-52.19
7.1863256,17.42,-51.75
7.1867961,17.47,-51.88
7.1873065,16.21,-51.79
7.2095816,18.98,-51.97
7.2221006,20.63,-52.19
7.2225788,17.98,-52.89
7.2228761,10.85,-50.38
7.223148,11.08,-51.53
7.2234838,17.79,-52.45
7.2237499,18.28,-51.97
7.2274089,21.3,-52.19
7.2346369,20.21,-52.01
7.2449969,19.84,-52.23
7.2461503,18.98,-52.76
7.2578983,17.45,-52.36
7.2584562,19.2,-52.76
7.2588379,20.74,-53.37
7.274728,18.57,-52.54
7.2968302,19.26,-53.15
7.2973872,19.71,-54.47
7.297774,16.36,-53.15
7.2980588,19.26,-53.77
7.2984123,17.05,-53.55
7.2988222,18.45,-53.06
7.2991743,18.95,-53.02
7.3151021,19.07,-53.55
7.3155464,18.77,-53.2
7.3158368,18.92,-53.11
7.3161138,18.77,-53.42
7.3322974,18.22,-53.86
7.3333074,18.71,-52.85
7.3339024,18.6,-53.37
7.3482958,18.77,-50.91
7.3613815,19.45,-53.72
7.3618162,20.39,-53.24
7.362196,11.71,-53.59
7.3625128,21.07,-53.72
7.3685665,21.49,-53.2
7.3689352,18.92,-53.81
7.3733463,20.01,-53.37
7.3804382,22.51,-53.06
7.3809032,19.04,-53.59
7.3981334,21.45,-53.28
7.3986557,18.62,-53.94
7.3989464,19.45,-55.26
7.4099098,19.58,-53.59
7.425944,17.52,-53.86
7.4263032,18.77,-53.77
7.4266606,19.77,-54.08
7.4289919,19.87,-53.94
7.4293396,18.86,-53.68
7.430595,19.74,-53.28
7.4462256,22.77,-53.94
7.4469072,19.17,-54.16
7.447442,19.17,-53.64
7.4614728,18.74,-53.86
7.462232,18.74,-53.59
7.4626558,21.19,-53.15
7.4803097,19.67,-53.2
7.4940333,21.45,-53.59
7.4944374,21.49,-52.19
7.4948139,11.71,-52.36
7.4952141,20.63,-54.56
7.4985277,11.57,-54.47
7.4988906,23.54,-54.82
7.5006735,20.96,-55.66
7.5052745,21.07,-55.39
7.51262,22.22,-56.27
7.5296971,18.74,-56.19
7.5301711,19.17,-56.93
7.5305113,20.89,-56.58
7.5495268,20.89,-57.81
7.5657006,22.26,-57.94
7.5661641,19.42,-58.08
7.5664849,19.42,-58.21
7.5668557,19.74,-58.47
7.5671325,17.73,-58.3
7.567443,22.86,-58.25
7.5677351,23.4,-58.65
7.5708008,17.84,-58.91
7.5820445,19.84,-59.22
7.5824802,19.55,-59.31
7.5872299,20.78,-59.53
7.6023797,21.77,-58.87
7.6027792,21.07,-58.38
7.6030594,20.49,-58.47
7.6184572,18.77,-58.38
7.6306408,22.01,-59.17
7.6310394,18,-58.08
7.6314075,10.52,-56.67
7.6317025,18.71,-58.16
7.6319869,18.83,-58.16
7.6371035,23.4,-58.16
7.6444514,19.94,-57.9
7.6506064,21.81,-58.47
7.6511756,22.95,-57.68
7.6652106,21.22,-57.81
7.6656102,19.67,-57.68
7.6658858,20.89,-57.46
7.6822829,21.11,-57.42
7.6976747,18.57,-56.71
7.6981199,18.6,-56.67
7.6984847,22.14,-56.54
7.6987645,18.25,-56.98
7.6997092,19.77,-56.45
7.6999932,17.12,-56.01
7.7171304,21.11,-56.23
7.7178032,18.68,-56.71
7.7182,16.97,-56.45
7.7205105,17.05,-55.88
7.7368547,19.29,-56.05
7.7373134,18.45,-57.28
7.7375871,19.97,-55.97
7.7540358,16.52,-56.45
7.7666332,20.78,-56.41
7.7670336,21.38,-55.13
7.7673954,20.89,-56.27
7.7676792,11.68,-54.47
7.768005,11.6,-56.63
7.7734018,16.95,-55.57
7.7761482,16.71,-56.67
7.7832347,17.17,-56.19
7.7880905,17.17,-56.58
7.8037906,18,-56.58
7.8043526,18.6,-56.54
7.8046789,17.29,-56.01
7.8195754,19.58,-56.1
7.8355569,18.68,-56.54
7.8360099,16.97,-56.54
7.8363837,21,-56.36
7.8366709,15.99,-57.15
7.8369369,17.42,-55.88
7.8371985,19.55,-56.19
7.8536282,18.8,-56.58
7.854017,19.77,-57.37
7.8542946,17.5,-55.83
7.8594776,18.45,-55.97
7.859774,15.92,-56.14
7.8826042,17.07,-55.97
7.8829402,16.92,-57.37
7.8832101,17.05,-56.49
7.8834759,17.22,-56.1
7.8985824,16.43,-55.97
7.9110405,17.79,-54.56
7.9114492,18.17,-56.36
7.9118353,16.3,-55.75
7.912155,10.53,-55.92
7.9124315,15.65,-56.05
7.9151106,15.95,-55.97
7.9215465,18.45,-55.97
7.9289838,18.92,-55.92
7.9521948,15.47,-55.61
7.952558,17.27,-56.23
7.9528489,16.76,-55.66
7.9531237,16.9,-55.31
7.9533895,17,-55.66
7.9680172,16.64,-56.01
7.9830215,14.63,-55.97
7.9834716,17.71,-55.53
7.9838178,16.34,-56.05
7.9841292,16.95,-55.39
7.9844418,15.35,-55.44
7.986457,16.25,-54.6
8.0024083,17.6,-54.56
8.0030353,16.18,-54.08
8.0033678,18.48,-53.9
8.0128544,14.77,-54.08
8.0133412,14.85,-52.98
8.0298203,17.19,-52.85
8.0301853,16.3,-53.02
8.0304561,15.09,-52.58
8.0307196,17.02,-50.03
8.0352524,9.9,-49.81
8.0493391,16.34,-51.75
8.0542802,10.09,-50.91
8.0546678,15.71,-50.65
8.0565333,16.9,-50.25
8.0607828,17.45,-50.56
8.0681741,18.06,-50.21
8.0709194,16.97,-50.25
8.0820338,16.92,-49.68
8.0824394,18.77,-50.74
8.1049976,18.25,-49.81
8.1201866,17.22,-50.3
8.1205481,16.27,-50.16
8.1208269,17.87,-50.47
8.1210994,16.36,-50.74
8.1214396,17.42,-50.34
8.1217093,16.64,-50.34
8.1233301,18.8,-49.68
8.1400446,17.45,-50.03
8.1407008,16.18,-50.34
8.1410473,16.55,-50.82
8.1413279,19.35,-50.38
8.1514749,17.87,-50.38
8.151863,19.64,-50.69
8.1746036,18.03,-51.17
8.1869193,17.89,-50.6
8.187304,20.96,-51.31
8.1875944,18.17,-51.75
8.1879575,10.21,-49.81
8.1882443,19.67,-51.7
8.1885077,16.92,-51.83
8.1930536,17.47,-51.13
8.1999724,20.46,-51.79
8.2005439,19.39,-52.14
8.2069156,17.14,-52.01
8.2111786,19.74,-51.7
8.2206332,17.19,-52.36
8.2210136,19.94,-51.83
8.2438858,18,-52.23
8.2585178,16.64,-53.06
8.2589756,17.73,-52.54
8.2592804,17.09,-52.45
8.2596156,17.68,-53.55
8.2598866,18.51,-53.2
8.2601655,18.25,-52.93
8.2621149,21.61,-52.19
8.2665397,18.98,-53.15
8.2764424,17.73,-53.86
8.2768688,19.32,-53.59
8.2821919,19.04,-53.33
8.2902733,19.42,-53.15
8.290737,19.94,-53.15
8.2966834,21.34,-53.15
8.3122636,19.84,-53.86
8.3254424,17.63,-52.14
8.3259362,22.69,-53.9
8.326362,11.68,-51.66
8.3266571,11.54,-51.31
8.3320227,20.96,-53.55
8.3324322,18.77,-53.81
8.338644,23.49,-54.3
8.3452209,18.39,-53.37
8.3458087,18.34,-53.15
8.3497003,18.03,-53.94
8.3599699,17.81,-53.46
8.3827005,20.39,-53.33
8.3982357,18.34,-54.12
8.3986525,20.53,-53.24
8.3989764,20.81,-53.55
8.3992459,18.98,-53.15
8.3997445,19.71,-53.33
8.400179,17.92,-53.59
8.4006006,20.42,-53.81
8.4010001,19.55,-53.37
8.4183286,21.38,-53.64
8.418807,19.87,-53.15
8.4191049,19.67,-53.9
8.4291909,24.57,-54.08
8.4295665,19.64,-53.24
8.452076,18.14,-54.08
8.4663216,20.04,-53.33
8.4667316,21,-53.11
8.4670331,20.89,-51.88
8.4673063,21.85,-53.55
8.467637,25.03,-53.81
8.4679051,11.62,-53.24
8.4707701,12.69,-53.64
8.4712195,20.39,-54.43
8.4875305,20.39,-54.43
8.4883916,22.26,-54.56
8.488976,21.73,-54.56
8.4985955,19.81,-54.43
8.4990153,20.81,-55.31
8.5182391,22.73,-55.7
8.5347756,20.96,-56.05
8.5351786,22.69,-56.93
8.5354786,23.08,-56.67
8.5358415,21.89,-56.89
8.5361404,25.14,-57.5
8.5364214,20.89,-58.08
8.5383684,19.74,-58.21
8.5557203,19.1,-58.87
8.5561853,22.43,-59.09
8.5564763,19.55,-59.48
8.5567533,22.51,-58.78
8.5713885,19.51,-59.53
8.5718668,19.77,-58.78
8.572173,23.22,-59.39
8.5910636,18.45,-59.92
8.6046549,18.77,-59.39
8.605172,21.3,-57.77
8.6055196,10.67,-57.46
8.6058809,19.14,-59.7
8.6097396,19.74,-58.78
8.6100926,14.98,-59.26
8.6103653,17.84,-58.82
8.6164239,17.89,-58.91
8.6234746,18.25,-59.26
8.6248312,21.65,-59
8.6377636,18.11,-58.56
8.6383711,18.77,-58.08
8.6459852,20.71,-58.65
8.6462788,19.07,-58.21
8.6503103,20.92,-58.56
8.667649,21.3,-57.99
8.6823024,17.79,-58.34
8.6827368,22.77,-57.86
8.6830916,21.19,-57.77
8.6833629,18.57,-57.37
8.685795,19.77,-57.5
8.686068,20.89,-57.77
8.7026512,21.22,-56.8
8.7030555,18.8,-56.85
8.7033427,19.67,-56.54
8.7138669,19.1,-56.58
8.7142486,18.68,-55.88
8.7374299,21.42,-56.41
8.7508036,17.6,-57.06
8.7512001,21.53,-55.97
8.751685,11.76,-53.64
8.7523495,11.65,-54.08
8.7528908,17.6,-55.22
8.7531811,17.34,-55.57
8.7553068,17.27,-55.31
8.755589,19.23,-55.7
8.7626539,19.74,-55.66
8.7693461,20.25,-55.79
8.7713842,17.34,-55.97
8.7864897,19.64,-56.85
8.7869805,18.86,-56.05
8.7873417,17.27,-55.83
8.8063104,19.35,-56.19
8.8211933,17.87,-55.57
8.821546,21.07,-55.88
8.8218343,18.8,-55.92
8.8221662,20.56,-56.14
8.8224463,18.17,-55.39
8.8247541,19.07,-56.27
8.8251109,18.98,-55.92
8.8409939,17.81,-56.05
8.8414489,17.47,-55.79
8.8417688,19.55,-55.83
8.8561243,17,-55.83
8.8565047,17.27,-55.57
8.8567743,16.9,-55.88
8.875972,18.03,-54.56
8.888656,18.45,-55.53
8.8891726,15.59,-55.75
8.8894774,10.97,-53.59
8.8898188,18.14,-55.97
8.8900938,19.74,-56.19
8.8942331,16.8,-55.79
8.895562,18.62,-55.66
8.9012257,16.9,-56.36
8.9162459,16.88,-55.35
8.9166387,17.14,-55.7
8.9169113,15.88,-55.53
8.9219103,17.92,-55.44
8.9458054,18.95,-55.31
8.9602948,18.36,-56.05
8.960693,16.73,-55.39
8.9609949,17.19,-55.92
8.9612641,16.95,-55.7
8.9615929,16.34,-55.48
8.9618573,16.57,-55.39
8.9635787,15.88,-55.97
8.9653685,18.11,-55.31
8.9779496,16.8,-55.75
8.9783937,16.05,-54.47
8.9834378,16.34,-55.48
8.9986353,15.61,-54.78
8.9992308,16.27,-54.43
8.9996771,16.57,-53.86
9.014007,16.23,-51.26
9.0279449,12.17,-51
9.0283742,18.77,-52.58
9.0287952,10.01,-50.91
9.029161,10.42,-52.54
9.0333414,16.27,-51.53
9.0337343,15.67,-51.44
9.0347184,17.87,-51.48
9.0400739,16.45,-50.65
9.0470599,16.5,-50.16
9.0653621,15.39,-50.74
9.0657821,19.35,-50.6
9.0660663,16.78,-50.3
9.0663459,17.87,-49.72
9.0837807,16.3,-50.38
9.0986715,16.14,-49.99
9.0991059,19.32,-49.68
9.0994552,16.3,-50.08
9.0997281,15.59,-50.3
9.0999915,18.45,-49.2
9.1024507,17.5,-49.68
9.105833,18.25,-50.34
9.120734,17.92,-49.9
9.1211364,16.34,-50.08
9.1214369,19.42,-49.55
9.1304545,16.85,-49.9
9.1308352,19.97,-50.74
9.1533646,18.11,-50.38
9.1659384,20.11,-50.95
9.1663678,10.97,-48.23
9.1666602,19.71,-50.56
9.1669894,19.07,-50.91
9.1672568,11.14,-50.74
9.1675287,20.32,-51.7
9.1719888,20.81,-51.44
9.1790258,21.85,-51.35
9.1860487,21.34,-51.53
9.1866595,17.79,-50.95
9.1999139,19.26,-51.83
9.2002931,17.27,-51.7
9.200581,19.77,-52.19
9.2231265,17.73,-52.32
9.2379861,17.52,-52.05
9.2383234,16.66,-51.92
9.2385928,19.39,-52.36
9.2389472,18.83,-52.8
9.2392098,20.11,-52.49
9.2412629,18.45,-53.15
9.2415545,17.58,-52.67
9.2581331,21,-52.71
9.2585233,21.49,-53.42
9.2588154,21.15,-52.98
9.269403,18.34,-53.55
9.2697763,18,-53.72
9.2926112,21.89,-53.15
9.3049545,22.14,-53.77
9.3053809,18.92,-53.55
9.3056782,11.55,-51.83
9.3059685,11.68,-51.92
9.3063169,19.94,-53.59
9.3065888,16.92,-53.02
9.3107516,18.51,-53.86
9.3110591,21.61,-54.12
9.3180507,18.71,-53.15
9.3245199,21.49,-53.02
9.3410233,19.23,-54.08
9.3413969,19.87,-53.86
9.3416654,19.64,-54.16
9.3419315,20.89,-53.15
9.3618049,20.96,-53.94
9.3778379,19.26,-53.99
9.3782575,17.95,-53.28
9.3785464,18.08,-53.28
9.3788835,19.04,-53.42
9.3791583,18.71,-54.25
9.3794244,17.87,-53.72
9.3800958,18.14,-53.2
9.3971462,20.89,-53.55
9.3975621,20.14,-53.15
9.3978598,20.85,-52.98
9.4083385,18.92,-53.94
9.4087837,22.51,-53.46
9.4314622,19.2,-53.99
9.4451485,22.39,-51.88
9.4456214,21.45,-53.33
9.4459453,19.94,-54.3
9.4462314,11.49,-52.01
9.4465742,22.9,-53.37
9.4499774,23.54,-53.06
9.4503927,19.1,-54.65
9.450696,22.14,-53.5
9.4679702,19.26,-53.15
9.4684285,24.87,-53.94
9.4687675,23.64,-53.46
9.4704173,24.02,-53.37
9.4881522,25.03,-53.55
9.4887413,22.86,-54.21
9.4891729,22.14,-54.78
9.5078813,18.83,-54.74
9.5253044,20.14,-54.3
9.5259321,20.49,-55.26
9.5264139,21.26,-56.01
9.5269599,21.22,-56.98
9.5273977,21.3,-56.58
9.527794,20.32,-57.2
9.5281893,19.26,-57.24
9.5307681,21.26,-57.59
9.5454532,26.08,-57.42
9.5459223,18.31,-58.47
9.5462828,19.71,-58.6
9.5541514,21,-58.08
9.5609875,22.01,-56.1
9.561558,16.52,-57.11
9.5764874,21.45,-59.53
9.5953387,11.01,-57.42
9.5957616,11.92,-59.48
9.5961335,22.77,-59.57
9.5964186,20.25,-59.31
9.5974293,22.09,-59.48
9.5977623,19.51,-59.39
9.6024689,22.86,-59.26
9.613745,18.36,-58.95
9.614326,17.87,-59.48
9.6287632,19.77,-59.66
9.6291551,21.89,-59.39
9.6294369,20.89,-59.92
9.646457,19.29,-58.91
9.6627095,20.78,-59.04
9.6632934,18.57,-58.34
9.6637132,20.32,-59.17
9.6641734,19.2,-58.21
9.6645773,19.67,-58.82
9.6648898,20.28,-57.77
9.6652223,19.64,-58.08
9.6832534,17.81,-57.37
9.6840976,17.89,-57.64
9.6847517,22.18,-58.03
9.6998931,20.67,-57.37
9.7002964,21.11,-57.59
9.7005766,19.26,-57.33
9.700864,12.43,-55
9.714884,20.42,-56.36
9.7291984,18.39,-56.54
9.7298254,11.68,-56.41
9.7303943,20.63,-56.54
9.7308143,17.6,-56.36
9.7348469,19.77,-55.7
9.7353892,21.15,-55.39
9.7421865,18.25,-55.97
9.7484208,18.92,-55.66
9.7521517,18.86,-55.97
9.7631031,20.32,-55.53
9.7637295,17.63,-55.53
9.769202,17.47,-55.26
9.7843357,18.77,-55.7
9.8094528,19.2,-55.13
9.8101023,18.39,-55.57
9.8106638,20.78,-55
9.8111394,18.62,-55.75
9.81155,19.97,-55.39
9.8121464,18.57,-55.57
9.8125907,17.89,-55.31
9.8129828,20.46,-55.22
9.8273908,19.07,-54.56
9.8279305,17.87,-55.04
9.8282458,17.95,-55.66
9.8391076,21.26,-55.39
9.8396535,18.77,-55.17
9.8621904,11.78,-53.59
9.8767191,11.68,-53.64
9.8771732,18.62,-54.08
9.8774917,18.03,-55.66
9.8777747,20.11,-54.56
9.8781211,17.52,-55.66
9.8784085,17.52,-55.75
9.8806103,17.17,-55.48
9.8810114,17.47,-55.53
9.8997904,17.71,-55.88
9.9002882,17.45,-54.74
9.9007638,16.73,-54.82
9.9015069,18.86,-54.91
9.9154431,16.8,-55.31
9.9159326,16.9,-55.26
9.9162272,19.17,-55.26
9.9316967,18.62,-55.13
9.9565416,17.05,-55.04
9.9571622,16.97,-55
9.957714,17.81,-55.97
9.9581581,18.77,-55.09
9.9585476,17.58,-55.17
9.9588739,16.73,-55.26
9.9591782,15.97,-55.97
9.9643104,15.88,-55.88
9.9739108,19.29,-55.09
9.9744299,17.58,-55.83
9.9888595,17.68,-55.04
9.9892959,17.12,-55.04
9.9896245,10.16,-52.89
10.0073857,11.19,-54.3
10.0220758,18.45,-53.64
10.0224476,16.23,-53.02
10.0227303,17.02,-53.59
10.0230667,17.6,-52.14
10.0233384,17.92,-52.76
10.0275313,17.4,-51.7
10.0280451,17.84,-51.53
10.0435555,16.92,-51.66
10.044009,19.17,-51.7
10.0443033,16.36,-50.82
10.0542762,17.32,-51.48
10.05476,16.45,-50.69
10.077629,16.32,-50.25
10.0933677,17.79,-50.34
10.0940093,17.27,-49.59
10.0943747,17.02,-50.34
10.0946557,19.35,-50.34
10.094991,20.42,-50.08
10.0953141,16.92,-50.16
10.0956644,18.92,-49.81
10.0959975,17.05,-50.03
10.1000285,15.95,-50.08
10.1145,16.64,-50.03
10.1149008,18.57,-49.15
10.1299367,17.37,-48.93
10.1303731,17.89,-50.12
10.1306488,17.37,-50.25
10.1309341,11.33,-50.47
10.1452857,20.28,-49.9
10.1584375,20.96,-50.78
10.1588342,19.61,-50.56
10.159308,18,-50.91
10.1596194,20.92,-51
10.1651386,17.5,-51.22
10.1655353,18.31,-50.74
10.1723119,20.39,-51.04
10.1790909,18.77,-51.13
10.1802846,18.17,-51.53
10.196224,19.07,-51.75
10.1966323,18.11,-51.97
10.1969223,20.25,-51.66
10.2159479,17.6,-52.45
10.2316561,16.71,-52.23
10.2321971,17.92,-51.44
10.2326314,21.53,-52.14
10.2331588,18.83,-52.67
10.2335934,20.85,-52.36
10.2345722,20.32,-52.63
10.2350042,18.39,-52.93
10.2488405,19.45,-52.36
10.2493679,20.81,-52.8
10.2542787,20.14,-53.24
10.2625418,20.89,-51.48
10.262941,11.32,-51.66
10.2691302,20.11,-53.11
10.2846043,12.08,-53.15
10.298293,22.22,-53.15
10.2988115,19.77,-53.06
10.2991939,21.26,-53.15
10.2995013,20.14,-53.55
10.2997873,19.77,-53.42
10.3040127,20.71,-53.99
10.3050213,19.87,-53.15
10.3110689,19.97,-53.15
10.3178627,21.07,-53.15
10.334219,20.71,-52.76
10.3346208,22.01,-53.02
10.3348983,19.58,-53.2
10.3549361,22.77,-53.55
10.3704858,19.58,-53.24
10.3710167,19.45,-53.15
10.371468,19.71,-53.55
10.3719116,22.05,-53.64
10.3724321,22.34,-52.85
10.3728565,22.39,-53.28
10.3734292,22.01,-53.2
10.3773228,19.74,-53.59
10.3875709,21.77,-53.11
10.3881072,22.56,-53.77
10.3940196,19.23,-53.24
10.4087548,18.74,-53.59
10.4091497,11.81,-51.26
10.4094266,20.74,-53.72
10.4234237,18.83,-53.77
10.4361469,22.39,-53.24
10.4366805,20.07,-52.85
10.4371725,21.89,-53.72
10.4375606,21.85,-53.2
10.4378404,24.07,-53.42
10.4427487,20.74,-53.77
10.4498235,21.61,-53.86
10.4502266,23.64,-53.99
10.4554265,23.49,-53.37
10.4706228,20.42,-54.03
10.4710101,23.68,-53.2
10.4713058,24.26,-53.68
10.4863558,22.56,-54.08
10.5010908,23.78,-54.08
10.5015214,21.07,-54.47
10.5018775,19.61,-54.56
10.5021506,19.64,-54.25
10.5050218,24.57,-55.31
10.5053419,20.89,-55.97
10.5209803,21.61,-55.88
10.5214971,21.3,-55.97
10.5218321,20.67,-56.98
10.52713,20.85,-57.28
10.5335491,21.89,-54.82
10.5557728,21.22,-56.8
10.5706417,11.56,-55.97
10.5711747,12.32,-57.33
10.5715639,21.07,-58.16
10.5718951,20.78,-57.94
10.5722783,24.31,-57.77
10.5753252,23.04,-58.65
10.5757176,22.09,-59.35
10.5760026,22.01,-59.09
10.5815087,21.38,-59
10.5890744,20.89,-58.74
10.5960358,19.61,-60.14
10.5966587,21.07,-58.52
10.601468,20.67,-59.44
10.6096026,18.92,-58.91
10.6165744,22.77,-58.95
10.6169531,20.32,-58.69
10.6321763,24.02,-58.78
10.652651,20.53,-58.78
10.653117,20.89,-58.82
10.6535033,19.77,-59.17
10.6537861,21.3,-58.65
10.6540594,22.09,-58.78
10.6543303,20.96,-58.47
10.6548,19.87,-58.12
10.6697916,22.77,-58.3
10.6702233,20.21,-58.08
10.6705142,20.89,-55.97
10.6855101,21.38,-58.38
10.685982,18.48,-57.81
10.6863271,11.52,-58.03
10.7027958,20.14,-57.37
10.7156472,20.89,-57.28
10.7160695,18.6,-57.5
10.7164886,18.68,-57.15
10.7168388,19.77,-56.58
10.7207094,20.78,-57.37
10.721045,19.32,-56.49
10.7276595,21.22,-56.85
10.7351848,22.34,-56.49
10.735836,22.18,-55.83
10.7543943,18.98,-55.92
10.7550502,19.71,-56.27
10.7554236,20.85,-55.26
10.7703237,18.36,-55.88
10.7860195,18.77,-56.19
10.7865321,17.79,-55.26
10.7871374,20.32,-55.26
10.7877169,17.17,-55.31
10.7879936,20.49,-55.31
10.7882577,21.77,-55.22
10.7902501,20.89,-55.17
10.8068368,21.22,-54.95
10.8074615,20.67,-55.04
10.8079474,18.22,-55.39
10.8224785,17.6,-54.43
10.8230324,10.76,-52.89
10.8236107,17.47,-55.57
10.8412791,11.81,-54.82
10.8541847,20.56,-54.82
10.8546261,19.97,-54.3
10.8549175,18.48,-54.52
10.8552768,19.23,-54.78
10.8555724,19.42,-55.13
10.8593631,17.4,-55.13
10.8610419,20.89,-54.56
10.8666844,17.47,-55.22
10.8734891,17.95,-55.53
10.874588,18.28,-55.09
10.8877611,18.62,-54.82
10.8881676,18.17,-54.69
10.9092762,17.17,-55.66
10.9239516,19.67,-54.87
10.9243172,16.64,-54.95
10.9245946,18.42,-55.26
10.9249288,19.26,-55.04
10.9251981,16.36,-55.17
10.9254599,18.77,-54.87
10.9287128,18.54,-54.95
10.9301454,16.39,-55.39
10.9464462,18.77,-54.95
10.9468619,17.95,-55.13
10.9471537,18.11,-55
10.9612728,19.61,-55.66
10.9617493,10.16,-53.06
10.9621239,18.48,-54.95
10.9801005,18.31,-55.09
10.9934525,19.45,-54.87
10.9938191,19.07,-54.65
10.9941004,17.47,-54.6
10.9944413,18.31,-54.74
10.9947229,17.87,-54.03
10.9985168,15.95,-53.72
11.0008132,18.77,-53.37
11.0054816,19.26,-53.37
11.0124099,17.07,-53.77
11.0180067,16.3,-52.89
11.0342518,17.4,-51.97
11.0346632,17.19,-51.92
11.0349372,16.21,-51.79
11.049334,16.43,-50.95
11.0641995,16.43,-51.09
11.0646008,17.07,-51.75
11.0649555,17.05,-50.74
11.0652368,21.15,-50.56
11.0655019,18.71,-49.55
11.0677104,19.58,-50.43
11.087472,18.77,-49.33
11.0878827,20.07,-49.9
11.0881704,18.77,-50.16
11.0884717,16.18,-48.67
11.1049018,17.14,-50.12
11.1058878,11.47,-48.63
11.1061879,10.49,-49.68
11.119627,20.14,-50.25
11.1324489,19.84,-49.81
11.1328577,17.71,-50.6
11.1332481,19.91,-50.12
11.1335929,19.35,-50.12
11.1338641,18.77,-50.08
11.1372733,17.6,-50.3
11.144335,20.32,-50.95
11.1513362,19.42,-50.34
11.1517729,19.77,-51
11.1654693,17.09,-51.31
11.1660476,18.36,-51.75
11.166479,20.32,-51.44
11.1881087,21.93,-51.09
11.2026437,21.49,-51.17
11.2030112,17.68,-51.61
11.2033014,20.89,-51.7
11.2036346,20.14,-51.75
11.2039166,19.17,-51.75
11.2067076,19.87,-51.75
11.2069984,20.56,-52.36
11.2234498,17.22,-52.14
11.2238648,22.73,-52.05
11.2241719,19.67,-51.79
11.2389486,20.18,-50.21
11.2393364,18.48,-52.45
11.2396193,18.28,-52.49
11.2578278,11.29,-52.58
11.2698944,17.09,-53.15
11.2703353,19.55,-52.67
11.2706331,21.49,-52.63
11.2709742,19.55,-53.37
11.2712347,18.98,-53.2
11.2761415,18.34,-53.06
11.2764534,19.77,-53.11
11.283275,18.62,-52.76
11.2895017,21.34,-53.59
11.2915423,18.92,-52.67
11.3068195,19.94,-52.41
11.3072334,18.62,-52.85
11.307532,20.89,-53.15
11.3273029,21.93,-52.93
11.3418004,18,-52.32
11.3422946,17.71,-53.15
11.3426676,21.49,-52.05
11.3430311,20.78,-53.06
11.3433113,19.77,-53.15
11.345611,20.56,-52.54
11.345898,18.48,-52.93
11.3598457,21.49,-53.11
11.360233,21.49,-53.15
11.3605375,23.36,-52.93
11.3799007,19.77,-51.09
11.3805094,10.98,-51.44
11.3807904,18.83,-52.67
11.381298,23.59,-53.15
11.3951484,22.77,-53.15
11.4083892,19.77,-53.33
11.4087846,21.53,-53.55
11.4091981,22.95,-53.37
11.4184714,21,-53.15
11.4188342,19.2,-53.02
11.419117,20.01,-53.24
11.4213425,21.3,-53.15
11.4290864,20.11,-53.15
11.4358375,20.81,-53.24
11.4365378,19.58,-53.77
11.4405136,22.51,-53.81
11.4501973,23.97,-53.9
11.4505822,24.46,-52.89
11.473605,19.35,-53.42
11.4891653,22.99,-53.72
11.4895768,21.89,-53.15
11.4898639,23.59,-53.42
11.4902077,21.38,-53.81
11.4904788,22.14,-53.99
11.4907467,20.63,-53.94
11.4913451,21.49,-54.78
11.4958841,24.57,-54.25
11.5094965,22.39,-55.17
11.5099274,24.31,-55.7
11.519761,12.23,-55
11.5201493,12.08,-55.48
11.5427491,21.93,-56.27
11.5550679,24.98,-57.15
11.5554902,22.99,-57.42
11.5557932,20.89,-58.08
11.5560717,24.07,-57.59
11.5564075,20.39,-57.5
11.5566761,23.68,-57.94
11.5608692,22.73,-58.08
11.5611852,21.15,-58.78
11.568288,21.42,-58.52
11.5747405,21.07,-58.82
11.5751251,21,-57.28
11.5902347,19.32,-59.22
11.5907258,21.38,-58.82
11.5909966,22.56,-58.78
11.6119987,19.26,-58.52
11.6271226,21.73,-59
11.6274633,23.73,-59.44
11.6277377,20.14,-59.09
11.6280589,26.97,-58.47
11.6283261,21.93,-59.39
11.6302364,19.77,-59.53
11.6305104,19.04,-58.82
11.6466676,19.29,-58.95
11.6471539,20.35,-57.06
11.6474544,21.89,-58.3
11.6618387,22.82,-58.56
11.6625502,12.53,-58.34
11.6628384,18.65,-59.22
11.6814413,23.59,-57.68
11.6942371,22.22,-58.21
11.6946363,21.77,-57.33
11.694942,20.71,-57.5
11.6952884,20.89,-56.1
11.6955764,20.35,-58.95
11.7000348,20.96,-57.46
11.7004427,22.69,-57.55
11.7068974,20.81,-57.37
11.7137072,20.63,-56.76
11.7151243,22.22,-56.63
11.7278538,18.77,-56.93
11.7282469,21.61,-56.67
11.7515617,19.77,-57.06
11.7706373,18.71,-56.63
11.7711122,21.61,-55.97
11.7714168,20.14,-56.36
11.7717716,20.74,-56.01
11.7721382,19.94,-55.97
11.7724212,19.29,-55.83
11.7726903,22.56,-56.23
11.7733905,19.32,-55.26
11.7903591,19.35,-55.97
11.7909427,22.14,-53.9
11.7913474,11.98,-53.15
11.7917877,19.42,-54.74
11.8041859,11.74,-54.6
11.8045635,15.43,-54.95
11.8193914,19.97,-55.39
11.8320048,19.45,-55.79
11.8324014,18.45,-55.04
11.8327631,19.23,-54.95
11.8330535,20.32,-54.82
11.83333,17.19,-54.6
11.8387382,18.45,-55.26
11.8459223,20.89,-54.56
11.8464692,19.84,-54.82
11.8520128,19.32,-54.95
11.8668608,17.45,-55.13
11.8672608,19.23,-55.53
11.867539,19.29,-55.09
11.8866113,20.67,-54.74
11.9043973,19.04,-54.56
11.9047676,18.62,-54.82
11.9050602,17.19,-54.65
11.9053827,19.2,-54.95
11.9056495,21.38,-54.95
11.9059112,20.92,-55.22
11.9073394,18.77,-55.22
11.9222124,20.53,-55.26
11.9227435,19.14,-55.13
11.9230973,18.28,-55.75
11.9361298,10.57,-53.15
11.9365597,17.95,-55.04
11.9368753,19.58,-54.82
11.9592172,17.52,-54.95
11.9721952,18.83,-54.56
11.9726096,18.14,-54.87
11.9729155,16.23,-55.22
11.9732665,19.77,-55.04
11.9735464,16.3,-55.17
11.9776711,18.03,-56.01
11.9780143,17.95,-54.69
11.9846166,17.19,-54.74
11.9918392,16.73,-53.99
11.9923363,16.05,-54.12
11.998442,16.41,-54.56
12.0142183,16.83,-53.81
12.0147098,18.98,-53.37
12.0150896,18.89,-53.28
12.0287718,17.27,-52.45
12.0496801,18.34,-51.97
12.0502941,18,-52.14
12.050748,16.66,-51.53
12.0511501,18.39,-51.13
12.0515272,17.6,-51.44
12.0519465,16.8,-50.34
12.0542077,18.25,-51.75
12.0615717,18.22,-48.89
12.0623475,17.47,-50.91
12.075255,10.37,-48.8
12.0759157,11.35,-48.71
12.0764051,17.17,-50.21
12.0819154,19.77,-50.87
12.0962707,18.22,-48.89
12.096897,18.11,-50.34
12.0973131,18.68,-50.65
12.1186558,16.78,-50.87
12.1402406,20.11,-50.34
12.1407747,19.42,-50.43
12.1410727,19.07,-50.6
12.141421,20.14,-50.3
12.1416981,20.32,-50.95
12.1419656,19.51,-51.09
12.1422356,20.53,-50.74
12.1446212,21.45,-50.91
12.1514261,20.39,-50.91
12.1518602,17.84,-50.87
12.1582034,19.64,-51.66
12.1655759,17.81,-51.04
12.1661002,18.11,-51.48
12.1889477,18,-52.23
12.2058263,16.69,-51.26
12.2062778,19.97,-51.44
12.2065729,18.51,-51.61
12.2069074,21.85,-52.32
12.2071946,19.23,-50.47
12.2074693,21.15,-51.97
12.2077515,19.23,-51.7
12.2101456,11.61,-51.13
12.2258252,20.89,-52.32
12.2263576,20.49,-52.1
12.226712,20.32,-51.75
12.2411885,22.77,-52.85
12.2415753,22.56,-52.85
12.241847,18.77,-51.88
12.2563694,18.71,-52.63
12.2695823,22.18,-52.85
12.2700545,18.92,-52.54
12.2704757,19.77,-53.15
12.2708215,19.29,-53.11
12.2762021,21.77,-53.28
12.2765455,18.83,-53.64
12.2833066,21.89,-52.41
12.2898374,18.8,-52.49
12.2904569,20.49,-52.98
12.2971696,21.57,-52.49
12.3040788,19.61,-52.71
12.3201724,22.39,-52.85
12.3360173,19.81,-53.02
12.3364082,21.93,-53.28
12.3366889,22.01,-52.8
12.3370383,19.58,-52.63
12.3373092,19.26,-53.2
12.3375741,22.26,-51.04
12.3403694,12.34,-50.87
12.3565462,20.07,-52.45
12.3573325,12.22,-52.58
12.3578377,12.06,-52.58
12.3734985,20.35,-52.45
12.3739829,22.22,-53.11
12.3744118,20.39,-52.67
12.3938579,20.18,-52.89
12.4066552,21.26,-53.11
12.4070319,22.99,-53.02
12.4073267,23.68,-52.54
12.4077172,19.26,-53.15
12.4080201,19.58,-53.02
12.408293,22.95,-52.98
12.4142103,21.57,-53.28
12.4224671,22.86,-53.37
12.4229211,22.39,-53.2
12.4267319,21.93,-53.11
12.4362167,23.59,-53.15
12.4366109,23.36,-53.72
12.4425891,23.59,-53.42
12.4582271,20.04,-53.59
12.4746531,23.68,-52.45
12.4750299,19.77,-53.15
12.4753635,20.07,-53.55
12.475636,20.32,-53.2
12.4759021,25.41,-53.68
12.4773633,23.97,-52.41
12.4933782,11.83,-52.54
12.4938457,21.77,-53.72
12.4941486,22.09,-53.77
12.4984031,18.98,-55.17
12.5058929,21.38,-55.17
12.5063786,22.64,-55.75
12.5287816,25.14,-55.31
12.5430065,21.15,-55.66
12.5434629,21.07,-56.45
12.543754,22.05,-56.71
12.5440826,22.05,-56.93
12.5443558,20.85,-57.37
12.5471253,20.49,-57.46
12.547453,24.77,-57.37
12.5496744,19.35,-57.59
12.5645955,21.11,-58.56
12.5650426,20.32,-58.47
12.5802414,22.95,-58.56
12.580781,19.77,-58.56
12.5810582,23.04,-58.74
12.5813395,24.31,-58.52
12.5978545,23.31,-58.56
12.6132959,20.18,-58.56
12.613717,21.61,-59
12.6140821,23.04,-58.47
12.6143704,24.36,-58.21
12.6164789,20.81,-57.81
12.6167725,19.71,-58.56
12.6207028,12.27,-57.24
12.632259,12.29,-55.97
12.6326656,19.17,-58.78
12.6446491,22.6,-58.03
12.6451351,20.46,-58.74
12.6681707,21.89,-58.25
12.6807732,22.26,-58.78
12.6812195,18.77,-58.08
12.6815207,22.05,-58.12
12.6818718,19.14,-58.16
12.6821989,22.43,-58.3
12.6824703,20.89,-58.08
12.6860486,20.32,-57.81
12.686424,23.45,-58.03
12.6931447,22.6,-58.08
12.6998375,19.07,-56.89
12.7002348,20.85,-57.77
12.7173033,22.05,-57.06
12.7177886,17.65,-56.89
12.7180918,21.69,-57.42
12.7336398,19.77,-57.42
12.7483777,17.95,-56.85
12.7487651,19.35,-57.37
12.7491163,19.1,-56.63
12.7494315,17.07,-56.05
12.7496941,19.77,-56.76
12.7524556,22.01,-53.68
12.7624333,18.74,-56.19
12.7628905,22.14,-56.58
12.7701151,11.39,-55.13
12.7720129,11.14,-56.36
12.7832311,18.86,-55.66
12.7836454,19.42,-55.35
12.8063706,21.22,-55.48
12.8194821,21.42,-55.04
12.819865,17.89,-55.75
12.8201516,18.83,-55.04
12.8204352,19.26,-55.13
12.8207649,21.45,-55.75
12.821047,17.92,-54.65
12.8247278,19.07,-54.82
12.8250232,18.28,-54.65
12.8317695,21.26,-54.56
12.8394274,20.63,-54.69
12.8531371,20.32,-55
12.8535506,20.92,-55.04
12.8538356,17.47,-54.6
12.8668089,18.31,-54.65
12.8672165,17.17,-55.22
12.8674951,19.81,-54.38
12.8705459,20.42,-55.17
12.8874925,21.15,-54.69
12.8879755,18.77,-54.65
12.888274,18.11,-54.08
12.8908576,22.14,-53.15
12.9057482,11.24,-52.58
12.9061448,18.34,-55.48
12.9064367,18.45,-54.56
12.9216531,10.2,-55.39
12.9220335,18.74,-55.26
12.9223066,19.84,-55.66
12.9385087,19.67,-55.26
12.9509582,17.4,-55.04
12.951486,18.28,-54.65
12.9519797,18.48,-54.65
12.9523732,17.07,-55.31
12.95274,18.92,-54.74
12.9568838,18.74,-55
12.9620134,18.22,-55.44
12.9708357,19.84,-55.39
12.9712331,19.77,-55.39
12.9747918,16.27,-54.95
12.9845959,17.81,-54.52
12.991342,15.82,-54.43
12.9916449,17.02,-54.65
13.0066829,18.25,-53.64
13.0211535,18.28,-53.72
13.0215059,17.68,-53.2
13.0218405,20.11,-53.15
13.0221136,18.34,-52.1
13.0259246,19.97,-52.14
13.0264278,19.77,-51.48
13.0416876,18.68,-51.83
13.0421302,10.58,-48.93
13.0424323,11.2,-49.64
13.0562119,18.77,-50.95
13.0565943,17.09,-50.08
13.056868,21.3,-50.56
13.0773641,20.56,-51.26
13.0896369,18.31,-50.21
13.0900187,18.25,-51
13.090313,17.87,-50.34
13.0906458,19.77,-50.34
13.0909131,18.62,-49.81
13.0957006,17.52,-50.03
13.0960331,17.6,-50.34
13.1026988,19.17,-50.74
13.1097138,18.11,-50.95
13.1236603,18.31,-49.9
13.1242196,18.77,-50.34
13.1245296,20.01,-51.31
13.1465021,19.71,-51.09
13.1615974,21.26,-50.34
13.1619407,18.31,-51
13.1622168,17.87,-51.31
13.162487,19.2,-50.74
13.162805,20.71,-50.82
13.1630682,19.45,-50.82
13.1650542,19.67,-51.7
13.1653464,18.6,-50.3
13.1814421,18.98,-51.7
13.1818394,20.53,-51.7
13.1821416,11.34,-50.03
13.193242,18.68,-51.48
13.193616,18.03,-51.97
13.2165584,20.35,-51.66
13.2310692,20.53,-51.66
13.2314279,20.53,-51.66
13.2316986,18.8,-51.88
13.2319649,18.45,-52.19
13.232278,20.46,-51.7
13.2344345,20.89,-52.36
13.2347718,17.87,-51.79
13.2357251,21.42,-52.36
13.248867,19.81,-51.83
13.2493015,23.31,-52.67
13.2530517,22.14,-52.41
13.2552558,20.46,-51.75
13.2624982,19.94,-51.79
13.2855369,18.89,-52.67
13.3000234,22.77,-52.45
13.3004402,18.36,-51.83
13.3007277,19.1,-51.97
13.3009935,18.6,-52.41
13.3013093,17.87,-52.49
13.3015731,20.63,-53.06
13.3040007,22.18,-52.49
13.3052122,20.53,-50.74
13.3183488,16.69,-50.6
13.3188192,22.99,-53.2
13.3233669,11.18,-50.91
13.3385705,11.15,-52.93
13.3389609,22.56,-52.49
13.3392439,23.59,-52.85
13.347192,23.54,-52.71
13.3474946,19.61,-52.93
13.3630292,23.13,-52.71
13.3760355,21.15,-52.93
13.376394,23.4,-53.15
13.3767459,21.97,-52.58
13.3770273,24.07,-52.58
13.3804654,23.31,-52.54
13.3807798,24.57,-53.2
13.3873512,23.78,-53.02
13.3942181,21.97,-52.41
13.3976965,22.73,-53.06
13.4138802,21.3,-52.85
13.4144927,20.85,-52.98
13.4148162,25.03,-53.94
13.431457,23.13,-53.33
13.4463974,23.26,-53.02
13.4467363,22.77,-53.24
13.4470118,25.19,-53.11
13.4473363,22.14,-53.9
13.4476023,25.3,-53.02
13.4497452,24.07,-52.89
13.4500234,13.05,-51.61
13.467196,26.6,-54.03
13.4676663,21.42,-53.55
13.4679872,11.98,-53.28
13.478229,22.51,-53.28
13.4787755,24.31,-54.65
13.5009119,23.49,-53.64
13.5136561,24.21,-54.52
13.5141193,25.14,-54.3
13.5144401,21.42,-54.74
13.514766,22.01,-55
13.5151023,24.62,-55.26
13.5153851,19.61,-56.76
13.5191559,24.07,-56.23
13.5201973,24.36,-56.27
13.5261809,21.73,-56.19
13.5331367,19.04,-57.06
13.5473567,25.14,-57.5
13.5477962,22.34,-56.89
13.5481153,25.09,-58.12
13.5680417,22.14,-57.77
13.5833728,18.57,-57.99
13.5837707,21,-58.12
13.5841001,22.14,-59
13.5844289,21.49,-58.34
13.5846989,21.61,-58.78
13.5849639,26.31,-58.74
13.5987898,23.04,-58.78
13.5993344,12.96,-55.97
13.5996594,12.71,-57.15
13.6045625,21.49,-59
13.6193772,18.86,-58.78
13.6197559,20.63,-58.25
13.6200422,18.62,-58.03
13.6394316,17.87,-58.78
13.6525633,22.01,-58.25
13.6529464,19.2,-58.6
13.6532367,19.39,-58.69
13.6536035,20.42,-58.47
13.6538849,24.46,-58.08
13.6541568,22.73,-58.38
13.6579569,19.45,-58.52
13.6651231,19.77,-58.74
13.665549,20.56,-58.74
13.6718179,18.34,-58.21
13.6896299,23.45,-58.12
13.6901982,21.53,-57.46
13.6906423,22.82,-58.3
13.7090252,19.67,-58.08
13.7238085,19.71,-57.24
13.7241479,20.04,-57.15
13.7244483,22.69,-56.98
13.7247722,19.77,-57.33
13.7250366,20.53,-57.2
13.7252959,18.89,-55.35
13.7275513,21,-56.23
13.7321664,18.74,-57.06
13.7475874,11.21,-54.65
13.7481082,22.18,-56.36
13.7485065,20.71,-57.06
13.755402,21.42,-55.88
13.7557909,21.57,-56.01
13.762421,20.63,-55.57
13.7864915,20.25,-55.09
13.8012212,21.77,-56.01
13.8015884,18.89,-55.88
13.8018652,18.51,-55.97
13.8021684,20.56,-55.31
13.8024893,18,-55.97
13.802755,21.15,-55.97
13.8043247,23.04,-55.92
13.8071702,22.56,-55.83
13.8107119,17.84,-56.36
13.8180794,19.84,-54.95
13.8249576,21.77,-55.17
13.8253725,21.49,-54.56
13.8386063,22.34,-55.44
13.8389936,18.77,-54.82
13.8506933,18.98,-54.56
13.8668511,22.14,-55
13.8672458,19.64,-54.6
13.8675904,18.92,-54.69
13.8678757,21.49,-53.24
13.8681429,18.77,-53.2
13.8703249,18.62,-54.56
13.8907641,11.71,-53.42
13.8911735,10.89,-55.17
13.8914549,17.98,-55.66
13.8917298,16.59,-54.82
13.9013668,17.14,-55.26
13.9017128,17.63,-55.35
13.9247835,19.84,-54.95
13.9374457,17.58,-55.44
13.9378924,21.77,-54.78
13.9381971,19.71,-54.65
13.9386861,20.71,-55.7
13.9391535,19.39,-54.82
13.9430976,20.78,-55.44
13.9435507,19.94,-54.87
13.9445677,17.37,-55
13.9500045,18.28,-55.17
13.9568876,16.66,-55.26
13.9751548,17.87,-55.26
13.9755371,16.62,-54.56
13.9758064,19.42,-55
13.9760716,18.51,-55.22
13.9936102,19.35,-54.95
14.0086966,19.2,-54.78
14.0092385,19.1,-54.56
14.0097593,17.6,-54.08
14.0102149,18.25,-54.08
14.0106677,11.92,-51.44
14.0123429,17.52,-52.67
14.0158117,16.71,-52.49
14.0310543,10.96,-52.45
14.0315348,18.65,-52.36
14.0318487,17.98,-51.7
14.0403081,19.23,-51.57
14.0406877,19.14,-51.66
14.0639028,18.39,-51.17
14.0780517,17.63,-51.39
14.0784253,19.23,-51.13
14.0787485,19.29,-50.95
14.0790734,18.25,-51.04
14.0793425,17.47,-50.25
14.0817865,17.58,-50.91
14.0820985,19.77,-50.47
14.0852931,19.48,-50.03
14.0992387,18.77,-51.17
14.0996797,17.87,-50.38
14.1099641,20.89,-49.77
14.1105792,19.74,-50.21
14.1332756,17.22,-50.34
14.1484429,20.07,-50.56
14.1488119,18.17,-50.91
14.1491162,18.92,-51.09
14.1493892,18.77,-51.26
14.1497115,17.42,-50.78
14.1499792,18.95,-51
14.1502404,11.15,-49.11
14.1511122,12.4,-49.24
14.1683281,20.11,-51.61
14.168729,20.92,-50.95
14.1690432,20.89,-51.44
14.1841825,19.39,-51.61
14.1845766,19.26,-51.53
14.1848527,18.95,-51.79
14.2021863,17.05,-51.53
14.2151116,19.26,-51.48
14.2155137,21.34,-51.75
14.2158099,19.97,-52.36
14.216255,19.39,-51.83
14.2165487,20.32,-51.7
14.2206663,20.49,-52.41
14.2209928,18.92,-52.45
14.2277149,21.73,-52.23
14.2352366,21.26,-51.79
14.2358912,21.07,-52.36
14.2487465,18.06,-53.59
14.2491331,19.48,-52.14
14.2642137,20.49,-52.23
14.2811331,18.77,-52.45
14.281522,20.56,-52.19
14.2818559,18.77,-51.44
14.2821321,17.05,-51.75
14.2823994,18.77,-51.7
14.2829931,20.21,-51.97
14.2854333,24.12,-52.14
14.3001552,12.33,-50.38
14.3006274,10.77,-51.75
14.3009714,17.84,-52.41
14.3111771,21.07,-52.14
14.311599,24.51,-52.98
14.3342325,20.18,-52.67
14.3480365,20.89,-52.36
14.3485007,21.38,-52.67
14.3489162,19.48,-52.05
14.3493113,20.63,-53.15
14.3496181,22.86,-52.67
14.3499163,24.31,-52.71
14.362454,22.43,-51.75
14.3629015,22.14,-52.27
14.3632625,19.67,-53.15
14.3671078,20.89,-52.58
14.37354,22.3,-53.24
14.380399,20.71,-53.9
14.3807553,22.51,-52.67
14.4037054,19.77,-53.15
14.4202398,20.35,-53.02
14.4208016,20.35,-53.11
14.4212403,22.73,-53.15
14.4217677,20.28,-53.02
14.4222074,18.45,-53.37
14.4226427,25.74,-51.13
14.423084,20.14,-51.13
14.4254921,24.46,-53.77
14.4410552,19.71,-52.89
14.4418136,12.46,-53.77
14.4422558,21.69,-53.15
14.4499634,20.63,-52.98
14.4503443,21.19,-53.55
14.456864,22.95,-53.86
14.4721189,21.57,-53.59
14.4850612,23.49,-54.82
14.4855184,23.22,-53.28
14.4859059,21.69,-53.72
14.4917825,26.19,-54.3
14.492243,25.14,-54.6
14.4925386,21.49,-54.87
14.4985012,21.42,-54.95
14.5043144,22.3,-55.26
14.5195161,21.73,-55.53
14.5200803,23.26,-55.26
14.5203547,21.61,-55.66
14.5342779,20.89,-56.49
14.5488912,26.08,-57.06
14.5492474,22.14,-56.27
14.5496275,20.71,-57.28
14.5499404,22.3,-57.59
14.5502113,20.96,-57.81
14.5540142,24.77,-58.21
14.5553326,24.31,-57.5
14.5700187,14.34,-56.89
14.5705339,11.9,-56.58
14.5821045,24.17,-58.08
14.5824951,12.22,-58.34
14.5827854,20.21,-58.08
14.6061638,21.53,-58.6
14.6189883,23.13,-58.12
14.6194659,20.85,-58.82
14.6198025,20.04,-58.69
14.6200746,21.38,-59.22
14.620405,19.94,-58.56
14.6206707,22.05,-58.3
14.6234761,19.94,-58.34
14.6253191,18.83,-57.81
14.6303369,23.08,-58.21
14.6382418,21.34,-58.03
14.6513909,23.54,-58.08
14.6517796,19.94,-58.08
14.6520682,19.64,-57.55
14.6666147,19.97,-58.08
14.6669902,21.15,-57.9
14.6672843,19.17,-57.77
14.6741739,19.77,-57.42
14.6904027,22.09,-57.77
14.6907905,19.07,-57.42
14.6910741,19.81,-57.37
14.6986142,22.95,-57.77
14.6992069,23.49,-57.81
14.7092594,23.54,-57.33
14.7098343,11.57,-55.66
14.7251687,19.61,-56.85
14.7256658,21.49,-57.59
14.7259422,21.69,-57.28
14.726212,18.83,-57.06
14.7411718,21,-56.89
14.7538556,19.17,-56.27
14.7542929,22.01,-56.85
14.7546922,22.6,-57.06
14.755081,17.32,-56.36
14.7625215,18.95,-56.36
14.763311,18.45,-56.54
14.7693015,20.78,-56.89
14.7747115,19.77,-56.36
14.790714,22.47,-55.79
14.7914575,19.29,-56.23
14.7917549,23.4,-55.88
14.7920465,20.32,-55.48
14.8046086,20.21,-55.97
14.8200793,22.09,-55.53
14.8207245,19.29,-55.35
14.8211507,19.26,-55.66
14.821541,19.84,-55.92
14.8219336,21.77,-55.53
14.8352169,19.77,-55.22
14.8358104,22.01,-54.52
14.8361954,18.77,-53.86
14.8528971,22.51,-55.35
14.853281,11.56,-53.24
14.8535548,12.46,-54.87
14.8695289,21.53,-55.35
14.8829562,19.61,-54.95
14.8833627,19.77,-55
14.8837254,19.64,-55
14.8840209,17.73,-55.39
14.887576,18.39,-55.13
14.8879246,17.68,-55.66
14.8946534,17.79,-54.95
14.9013514,20.71,-55.17
14.9018656,18.39,-54.47
14.9206932,18.39,-55
14.9211903,18.77,-55.97
14.9215225,19.77,-55.57
14.9218094,20.49,-54.69
14.938227,17.37,-54.82
14.9526119,19.77,-54.82
14.9530103,19.39,-54.69
14.9545995,21.26,-54.69
14.9550091,18,-55.39
14.955524,18.77,-55.26
14.9588461,16.43,-55.57
14.9708042,17.79,-54.95
14.971176,16.34,-55.04
14.971458,18.28,-54.74
14.9915321,19.97,-52.49
14.991826,17.79,-54.56
14.9921049,19.58,-54.56
14.9923844,10.92,-54.43
